freq(Hz),pow(dB/Hz)
0,1.1223706203257637
5.38330078125,12.406008635031686
10.7666015625,25.63110949140703
16.14990234375,27.86121324510804
21.533203125,21.287893558170104
26.91650390625,18.662182965574456
32.2998046875,17.56329848030425
37.68310546875,23.2962428873634
43.06640625,21.680936519858214
48.44970703125,23.08526627351054
53.8330078125,22.725078052675343
59.21630859375,29.47212547006616
64.599609375,28.385571203385375
69.98291015625,30.213867554496453
75.3662109375,24.17367844832363
80.74951171875,27.012678936915407
86.1328125,18.622364224867574
91.51611328125,25.016808881118227
96.8994140625,19.847064306856353
102.28271484375,25.200816009466024
107.666015625,0.2999330433028346
113.04931640625,28.185319759859023
118.4326171875,21.307665826830394
123.81591796875,25.365479939791257
129.19921875,18.44240092358788
134.58251953125,27.483510755724183
139.9658203125,27.162253331146786
145.34912109375,27.117823955792325
150.732421875,30.39205969010643
156.11572265625,24.974832672892525
161.4990234375,19.956296070575444
166.88232421875,24.22635530950324
172.265625,25.178594186849335
177.64892578125,19.806124183665535
183.0322265625,16.78572816510972
188.41552734375,11.539879694688187
193.798828125,15.178263734521316
199.18212890625,15.634692831450307
204.5654296875,21.495391511483074
209.94873046875,14.192701793702746
215.33203125,7.838034142406146
220.71533203125,10.088753612533282
226.0986328125,12.257498963741329
231.48193359375,19.85890818851587
236.865234375,18.202603503066584
242.24853515625,14.933273163104722
247.6318359375,19.78486147091485
253.01513671875,12.118258114636046
258.3984375,12.93212277460982
263.78173828125,5.761000686866357
269.1650390625,8.942826784060403
274.54833984375,12.593357170971537
279.931640625,7.219359050584084
285.31494140625,13.129778404748127
290.6982421875,6.648157953782796
296.08154296875,12.945455904843627
301.46484375,6.139446237698591
306.84814453125,17.390304946570044
312.2314453125,14.159418812201372
317.61474609375,16.616796525246812
322.998046875,6.859899197948083
328.38134765625,12.168975963386812
333.7646484375,9.804356316115015
339.14794921875,19.50966761180435
344.53125,10.369604128705321
349.91455078125,17.69737607565977
355.2978515625,16.23880146295973
360.68115234375,9.56147817441607
366.064453125,11.84516278234578
371.44775390625,15.789801122368027
376.8310546875,2.450999302434978
382.21435546875,11.08906977255814
387.59765625,14.966047795191821
392.98095703125,14.705226591307337
398.3642578125,6.252110032629562
403.74755859375,7.896766728022049
409.130859375,13.454059058401038
414.51416015625,10.401677943977274
419.8974609375,17.307789409741194
425.28076171875,19.91873473087446
430.6640625,10.783285250413812
436.04736328125,20.75079524717301
441.4306640625,18.86381096243378
446.81396484375,20.30255491049058
452.197265625,22.171910703775794
457.58056640625,20.210598565163806
462.9638671875,20.992307838035696
468.34716796875,16.200481168219646
473.73046875,23.773333194373375
479.11376953125,17.11086844834654
484.4970703125,23.698289035280503
489.88037109375,22.104965892519242
495.263671875,17.344458558378435
500.64697265625,20.534810773953502
506.0302734375,-0.9660925885266651
511.41357421875,19.053272369521984
516.796875,20.526978852107945
522.18017578125,16.456016708368832
527.5634765625,6.577748053979549
532.94677734375,13.802041887087777
538.330078125,17.644832397554897
543.71337890625,19.15134969866529
549.0966796875,14.919924645208294
554.47998046875,18.67195699212176
559.86328125,23.045849870484496
565.24658203125,18.769891701116727
570.6298828125,12.350110989052608
576.01318359375,15.590298008042279
581.396484375,20.475987823867552
586.77978515625,20.812178469978914
592.1630859375,19.361859248043093
597.54638671875,15.624921449924356
602.9296875,11.746067648977256
608.31298828125,13.1350997305681
613.6962890625,17.028532893623655
619.07958984375,1.5010168899654575
624.462890625,17.37980062635167
629.84619140625,14.575439030346216
635.2294921875,15.749344561200278
640.61279296875,20.19284526466771
645.99609375,23.456297183599286
651.37939453125,18.884499133152893
656.7626953125,10.517042504603115
662.14599609375,17.47565452996964
667.529296875,13.929473508388776
672.91259765625,12.636341861993031
678.2958984375,16.296078320977326
683.67919921875,16.597397283839314
689.0625,12.348589108362535
694.44580078125,12.410673222886736
699.8291015625,15.872504096772515
705.21240234375,12.558854906578429
710.595703125,12.68908083891187
715.97900390625,15.99148712031339
721.3623046875,14.890966721411429
726.74560546875,-2.9146698947920733
732.12890625,15.316102298416023
737.51220703125,13.944242119905264
742.8955078125,13.408239982176672
748.27880859375,15.926204595109928
753.662109375,10.044483018533988
759.04541015625,10.944432356574328
764.4287109375,12.410979200400764
769.81201171875,17.65450468404629
775.1953125,16.0039059660094
780.57861328125,19.673121210690805
785.9619140625,16.14271789802131
791.34521484375,11.366478957445567
796.728515625,14.986270829916137
802.11181640625,9.81439033517907
807.4951171875,8.154391767903356
812.87841796875,18.67342307793793
818.26171875,18.664578986162102
823.64501953125,10.175796767139662
829.0283203125,10.14097074139914
834.41162109375,11.700808862137876
839.794921875,7.9611338317400016
845.17822265625,21.72855285063629
850.5615234375,22.43325625318584
855.94482421875,10.806285141620473
861.328125,-9.935929472639938
866.71142578125,14.293056190899382
872.0947265625,10.546060850497527
877.47802734375,19.738882412206625
882.861328125,23.785516410073836
888.24462890625,20.1632611141385
893.6279296875,16.005882393125887
899.01123046875,18.08904260623278
904.39453125,23.12894094085465
909.77783203125,25.364727041158538
915.1611328125,12.856370149295195
920.54443359375,23.681697025705507
925.927734375,24.45802163272915
931.31103515625,20.324801574220864
936.6943359375,22.22100981137276
942.07763671875,26.251697818229076
947.4609375,23.39534946326247
952.84423828125,14.438129617616662
958.2275390625,17.554545649963945
963.61083984375,21.55799160182876
968.994140625,23.504587020142594
974.37744140625,27.595587015190645
979.7607421875,27.92779930452962
985.14404296875,30.87879735624979
990.52734375,31.00591709901494
995.91064453125,27.679491939032825
1001.2939453125,24.57233360841044
1006.67724609375,11.878595996286803
1012.060546875,24.121428121546707
1017.44384765625,27.393870965952285
1022.8271484375,27.416711790868796
1028.21044921875,27.26198758822562
1033.59375,25.33636862650031
1038.97705078125,27.99734526095117
1044.3603515625,24.681676858019166
1049.74365234375,23.102244955907185
1055.126953125,18.750852721388817
1060.51025390625,11.413667754322208
1065.8935546875,10.229267886976729
1071.27685546875,13.369381901671192
1076.66015625,16.892116076605248
1082.04345703125,16.32321126269054
1087.4267578125,15.362461956318123
1092.81005859375,16.79004094323115
1098.193359375,16.61439882947762
1103.57666015625,10.886541876581253
1108.9599609375,20.553534514144886
1114.34326171875,26.03532496053603
1119.7265625,25.29378786964895
1125.10986328125,21.717427922462097
1130.4931640625,19.77133423967047
1135.87646484375,23.65102819447404
1141.259765625,24.63257500552
1146.64306640625,27.81197568532468
1152.0263671875,28.996663418044776
1157.40966796875,26.681590592440983
1162.79296875,22.906028114705137
1168.17626953125,15.505887966493752
1173.5595703125,18.46687371005042
1178.94287109375,22.767423892683865
1184.326171875,21.008536136724775
1189.70947265625,19.997677345334925
1195.0927734375,25.478437406022046
1200.47607421875,28.296933831601358
1205.859375,28.67082877819419
1211.24267578125,27.776396393186445
1216.6259765625,20.395771231094354
1222.00927734375,17.135199996595134
1227.392578125,23.819351877611766
1232.77587890625,24.950298928493414
1238.1591796875,22.810446932911926
1243.54248046875,19.028688556979198
1248.92578125,17.276626385889365
1254.30908203125,19.168290389579898
1259.6923828125,23.01659022531627
1265.07568359375,26.463941054400095
1270.458984375,28.442317243413278
1275.84228515625,27.925706473089654
1281.2255859375,23.15617389274673
1286.60888671875,14.428501012676534
1291.9921875,14.55718117562556
1297.37548828125,16.64009492571581
1302.7587890625,11.845178411974732
1308.14208984375,14.375150972244988
1313.525390625,16.377340318538376
1318.90869140625,7.270700824494629
1324.2919921875,12.524350987673332
1329.67529296875,17.89392740093179
1335.05859375,18.563377087224737
1340.44189453125,21.847161107436644
1345.8251953125,22.58577897703048
1351.20849609375,15.32879593995065
1356.591796875,6.78754398326367
1361.97509765625,12.09005803762571
1367.3583984375,17.84591216783365
1372.74169921875,17.187551086899138
1378.125,10.297790797710732
1383.50830078125,-4.499290246683966
1388.8916015625,15.416362003766459
1394.27490234375,21.124147520001703
1399.658203125,21.68251728277044
1405.04150390625,19.215637141555824
1410.4248046875,16.842548835752215
1415.80810546875,13.69709509781179
1421.19140625,2.0848467187415514
1426.57470703125,18.23909909881376
1431.9580078125,19.104724769812357
1437.34130859375,12.771552307605132
1442.724609375,13.70094398989341
1448.10791015625,12.60993764231461
1453.4912109375,2.7349045045714164
1458.87451171875,-16.140526344244996
1464.2578125,9.516534508244078
1469.64111328125,18.670182256056812
1475.0244140625,21.198719722477026
1480.40771484375,18.365497625085187
1485.791015625,10.663800414363196
1491.17431640625,13.627434285861506
1496.5576171875,8.684721920824007
1501.94091796875,6.476015356799818
1507.32421875,15.78217848830003
1512.70751953125,11.105977042436123
1518.0908203125,14.052800792907023
1523.47412109375,18.018358821221796
1528.857421875,14.072346856627323
1534.24072265625,15.265443162236007
1539.6240234375,19.82815728983695
1545.00732421875,18.09655773894325
1550.390625,23.10727441115921
1555.77392578125,25.934002510980413
1561.1572265625,20.567205453505444
1566.54052734375,-0.8876896644080183
1571.923828125,13.497156848653038
1577.30712890625,12.872247241015657
1582.6904296875,10.074419111401905
1588.07373046875,14.847745494433848
1593.45703125,16.889436063209384
1598.84033203125,17.713707321709386
1604.2236328125,12.737955875464234
1609.60693359375,12.339084911851558
1614.990234375,12.122080752982729
1620.37353515625,15.625678339088129
1625.7568359375,16.493571121431152
1631.14013671875,10.341544632713276
1636.5234375,22.14022598474613
1641.90673828125,23.167146091747533
1647.2900390625,18.170465793655282
1652.67333984375,-2.8786417779351665
1658.056640625,20.69708590606149
1663.43994140625,27.281798483384264
1668.8232421875,28.580005753839206
1674.20654296875,26.38252907670982
1679.58984375,23.340796121664887
1684.97314453125,21.597348168022666
1690.3564453125,16.841196256087297
1695.73974609375,8.56479888555896
1701.123046875,13.265716138576336
1706.50634765625,16.878467711180672
1711.8896484375,18.931181150825786
1717.27294921875,17.451360032039727
1722.65625,15.149336737582937
1728.03955078125,15.219305326848701
1733.4228515625,7.870431658994916
1738.80615234375,11.30139360805844
1744.189453125,20.220786802182
1749.57275390625,22.692728217278702
1754.9560546875,21.929429804835017
1760.33935546875,24.135243323248858
1765.72265625,20.3418485218962
1771.10595703125,4.682689257864003
1776.4892578125,14.188729946619693
1781.87255859375,11.91977457859134
1787.255859375,19.07923371678156
1792.63916015625,23.494693092101286
1798.0224609375,24.72723231991004
1803.40576171875,22.889217260652003
1808.7890625,18.292573717722476
1814.17236328125,16.157535644118795
1819.5556640625,19.339616472930274
1824.93896484375,15.90550311982809
1830.322265625,14.313676217952159
1835.70556640625,15.554605294652147
1841.0888671875,14.841845623261216
1846.47216796875,2.1219542442694315
1851.85546875,22.295750388823325
1857.23876953125,24.336007248339886
1862.6220703125,20.49424362412068
1868.00537109375,14.355466616026186
1873.388671875,7.161393585236228
1878.77197265625,3.5191194378841284
1884.1552734375,9.154269187420937
1889.53857421875,10.247234887664598
1894.921875,15.777647837965318
1900.30517578125,17.20217682072844
1905.6884765625,16.18966030293552
1911.07177734375,-1.391965518903299
1916.455078125,14.686490976265212
1921.83837890625,17.306670874777794
1927.2216796875,17.593802573695932
1932.60498046875,16.614410392811067
1937.98828125,18.764174279322717
1943.37158203125,21.711815749037843
1948.7548828125,22.330968974772606
1954.13818359375,21.67715104896007
1959.521484375,15.468952376822331
1964.90478515625,8.978144667159357
1970.2880859375,13.771727278781661
1975.67138671875,12.480514649847109
1981.0546875,14.80197690054856
1986.43798828125,15.088409464175003
1991.8212890625,2.7556327824380027
1997.20458984375,11.855059728750765
2002.587890625,14.316078429361408
2007.97119140625,12.631522373809002
2013.3544921875,1.9870821028268373
2018.73779296875,14.08949555360049
2024.12109375,15.618678210631531
2029.50439453125,16.797764745957792
2034.8876953125,17.00807156941065
2040.27099609375,16.01279311260296
2045.654296875,10.337127057142176
2051.03759765625,8.30597659311495
2056.4208984375,6.296386100749113
2061.80419921875,6.922379859666706
2067.1875,6.135770843649878
2072.57080078125,10.469093340037368
2077.9541015625,13.186689211352665
2083.33740234375,11.415539605709908
2088.720703125,14.423968479408504
2094.10400390625,11.253394902669678
2099.4873046875,9.46987352796414
2104.87060546875,13.529421856501136
2110.25390625,16.12946694378239
2115.63720703125,15.211244210513552
2121.0205078125,9.916618575320063
2126.40380859375,11.866406033185996
2131.787109375,18.237937969683333
2137.17041015625,17.308706927067018
2142.5537109375,15.913893869311984
2147.93701171875,13.992816534303863
2153.3203125,2.2091233148073366
2158.70361328125,8.511673188191018
2164.0869140625,3.316145500575001
2169.47021484375,11.36523627584445
2174.853515625,18.56579507993807
2180.23681640625,20.495749020483473
2185.6201171875,15.594262576866099
2191.00341796875,10.225453821956044
2196.38671875,16.975189202558468
2201.77001953125,16.871784955040535
2207.1533203125,17.877161819753265
2212.53662109375,16.90989770099669
2217.919921875,6.921744451014077
2223.30322265625,19.644144908415193
2228.6865234375,21.75080837669254
2234.06982421875,20.57401511207004
2239.453125,17.569038597965097
2244.83642578125,14.851923204042343
2250.2197265625,19.28290022101085
2255.60302734375,20.98037377990724
2260.986328125,17.470546027198612
2266.36962890625,3.4681976898636515
2271.7529296875,16.76687008803183
2277.13623046875,15.080436493650236
2282.51953125,6.0967190391881845
2287.90283203125,11.215370768963043
2293.2861328125,7.434903790833064
2298.66943359375,-8.661582000016843
2304.052734375,16.145576046268516
2309.43603515625,21.485087125821547
2314.8193359375,22.561129193968455
2320.20263671875,18.948905065011886
2325.5859375,22.78279745303365
2330.96923828125,26.768152959292472
2336.3525390625,27.714174081590834
2341.73583984375,23.78688654471049
2347.119140625,15.08173878862673
2352.50244140625,19.462163527448798
2357.8857421875,25.79999234217063
2363.26904296875,26.706038976780462
2368.65234375,23.358673730957527
2374.03564453125,16.37927663620612
2379.4189453125,21.916322976298982
2384.80224609375,23.57948976996219
2390.185546875,23.916785048907897
2395.56884765625,23.68143439081381
2400.9521484375,23.53668956999976
2406.33544921875,21.113355544540447
2411.71875,10.512994837792068
2417.10205078125,25.057538378739245
2422.4853515625,27.334389802568076
2427.86865234375,26.56911826614226
2433.251953125,22.191389895565038
2438.63525390625,4.44959313952895
2444.0185546875,11.648651224350823
2449.40185546875,23.595694786101312
2454.78515625,27.567171026028156
2460.16845703125,24.472983268502443
2465.5517578125,13.64758812906606
2470.93505859375,13.347188168399263
2476.318359375,22.310583921101774
2481.70166015625,24.569317301183947
2487.0849609375,16.803369608172144
2492.46826171875,18.513825629234063
2497.8515625,22.309379256247098
2503.23486328125,20.870856416533577
2508.6181640625,17.47858526826
2514.00146484375,19.56124870079369
2519.384765625,26.603276449754482
2524.76806640625,27.123080142652395
2530.1513671875,24.230231439787428
2535.53466796875,16.803846156928863
2540.91796875,18.375300041632546
2546.30126953125,20.506457987543534
2551.6845703125,21.084032136528535
2557.06787109375,25.138685194808406
2562.451171875,22.844158640405126
2567.83447265625,11.174483786994918
2573.2177734375,18.973197915164913
2578.60107421875,23.426474417258735
2583.984375,28.07107282337157
2589.36767578125,26.032056142360457
2594.7509765625,18.8573663647978
2600.13427734375,18.273210978048446
2605.517578125,25.015367765834924
2610.90087890625,31.55291517154762
2616.2841796875,30.69037015970877
2621.66748046875,23.360558692726904
2627.05078125,27.22940268079075
2632.43408203125,31.77553224483106
2637.8173828125,28.641172269467745
2643.20068359375,25.455888742608117
2648.583984375,27.31148718556983
2653.96728515625,22.67966449442836
2659.3505859375,21.99839097118361
2664.73388671875,29.12617246167524
2670.1171875,26.414173573161396
2675.50048828125,21.44280705938867
2680.8837890625,29.265296031665265
2686.26708984375,31.076795988291778
2691.650390625,28.330846126274636
2697.03369140625,30.67414366950989
2702.4169921875,32.8386893344473
2707.80029296875,24.858009004349185
2713.18359375,25.755370915118224
2718.56689453125,30.00140496000741
2723.9501953125,28.43428607502904
2729.33349609375,17.379444206672453
2734.716796875,27.490344302887628
2740.10009765625,32.18827336838824
2745.4833984375,29.146244710918275
2750.86669921875,12.831109850246168
2756.25,26.872697827384123
2761.63330078125,22.081660254662534
2767.0166015625,16.941772239789643
2772.39990234375,21.604256024571352
2777.783203125,25.30213755856549
2783.16650390625,23.34360468697497
2788.5498046875,27.74096665769262
2793.93310546875,22.751804900912184
2799.31640625,31.08093276953506
2804.69970703125,23.72230151162863
2810.0830078125,28.274162436136855
2815.46630859375,29.59544868442258
2820.849609375,24.982378531454618
2826.23291015625,20.580919001952886
2831.6162109375,18.275193572841317
2836.99951171875,25.152338236758922
2842.3828125,25.675045324960646
2847.76611328125,20.7587993341612
2853.1494140625,24.22290908851742
2858.53271484375,22.294817368945395
2863.916015625,23.91009867543035
2869.29931640625,20.80619489831254
2874.6826171875,26.785547699723807
2880.06591796875,20.866465262396527
2885.44921875,27.748179583941706
2890.83251953125,28.69087465343484
2896.2158203125,23.61378756380194
2901.59912109375,10.65349900222712
2906.982421875,17.048827650999726
2912.36572265625,19.441260873158846
2917.7490234375,23.47630033470791
2923.13232421875,28.642766627386457
2928.515625,28.87114648462424
2933.89892578125,14.683057536618747
2939.2822265625,21.940417760089677
2944.66552734375,15.783617282595685
2950.048828125,20.815634502452678
2955.43212890625,8.588956787852997
2960.8154296875,16.939503852261335
2966.19873046875,13.487200295423056
2971.58203125,22.46603325386009
2976.96533203125,23.016294199185584
2982.3486328125,24.494069345304226
2987.73193359375,17.5308376734412
2993.115234375,16.331304653685322
2998.49853515625,8.955584033554686
3003.8818359375,10.49703073450001
3009.26513671875,15.369686895565565
3014.6484375,18.6707620903441
3020.03173828125,18.05735840971057
3025.4150390625,17.646719789356176
3030.79833984375,15.168494048498996
3036.181640625,17.301664568962728
3041.56494140625,21.535116596710647
3046.9482421875,22.48082526888084
3052.33154296875,21.054303901754388
3057.71484375,18.778357847408053
3063.09814453125,19.17126056540116
3068.4814453125,8.575393775839125
3073.86474609375,20.20312578089665
3079.248046875,23.93784450431557
3084.63134765625,23.26991920354906
3090.0146484375,15.899580363867408
3095.39794921875,11.530240037227873
3100.78125,17.581309742557952
3106.16455078125,20.135648811138203
3111.5478515625,21.53287064989253
3116.93115234375,19.85006561709041
3122.314453125,21.944394531675574
3127.69775390625,22.805674068626708
3133.0810546875,21.623764677157894
3138.46435546875,24.093119791406068
3143.84765625,18.95289668104955
3149.23095703125,20.81759519703356
3154.6142578125,21.00756048259898
3159.99755859375,14.918771476834223
3165.380859375,22.85861195055997
3170.76416015625,21.215715526268944
3176.1474609375,16.978697933091105
3181.53076171875,22.53935696958722
3186.9140625,25.5541883411135
3192.29736328125,25.540952418516518
3197.6806640625,21.87605390975554
3203.06396484375,19.445591217806342
3208.447265625,18.16382231952817
3213.83056640625,21.522398148020613
3219.2138671875,22.96823504684932
3224.59716796875,27.320710982126513
3229.98046875,23.60489662530453
3235.36376953125,21.007705990336177
3240.7470703125,19.3657075546692
3246.13037109375,23.136324992112872
3251.513671875,23.65692253960058
3256.89697265625,17.460019969075287
3262.2802734375,19.5907935146963
3267.66357421875,20.774725052691707
3273.046875,13.658939638451207
3278.43017578125,15.787817178438829
3283.8134765625,20.2080129224856
3289.19677734375,20.927322194117277
3294.580078125,19.669959238844534
3299.96337890625,24.032916419277797
3305.3466796875,23.458796733921517
3310.72998046875,21.550705765371067
3316.11328125,5.219987466315821
3321.49658203125,20.19154886406266
3326.8798828125,23.231489129464965
3332.26318359375,25.60711085899946
3337.646484375,25.696131316943283
3343.02978515625,26.631167053022455
3348.4130859375,23.09606602988337
3353.79638671875,9.6806024476661
3359.1796875,13.486997771450518
3364.56298828125,14.460809008431891
3369.9462890625,17.450932904094838
3375.32958984375,19.963585019647766
3380.712890625,20.53265634676425
3386.09619140625,15.139450550073141
3391.4794921875,2.1505625051760378
3396.86279296875,4.847380710697866
3402.24609375,8.43649686509876
3407.62939453125,14.075920610452808
3413.0126953125,16.780294823436364
3418.39599609375,18.854450125962153
3423.779296875,19.443184040400837
3429.16259765625,21.813167763901692
3434.5458984375,22.95109672390101
3439.92919921875,23.039743451771557
3445.3125,11.705325811829027
3450.69580078125,14.56980573905394
3456.0791015625,3.547622590367517
3461.46240234375,14.772297572408908
3466.845703125,22.64651417486915
3472.22900390625,25.513877416285556
3477.6123046875,15.065681192161893
3482.99560546875,22.81212925453197
3488.37890625,21.273672786558826
3493.76220703125,-7.443746489627594
3499.1455078125,15.871858492416798
3504.52880859375,18.241052076993775
3509.912109375,13.288238242638942
3515.29541015625,25.422083997462547
3520.6787109375,22.414924455228427
3526.06201171875,13.744487363724806
3531.4453125,20.232317247577328
3536.82861328125,19.915206242306354
3542.2119140625,20.066274955975825
3547.59521484375,17.0067367992402
3552.978515625,16.627356209384846
3558.36181640625,16.40252287111411
3563.7451171875,15.321929475331796
3569.12841796875,16.606897736150504
3574.51171875,18.671862642759166
3579.89501953125,24.295654539849618
3585.2783203125,13.767082237567301
3590.66162109375,22.983006069698465
3596.044921875,25.511490707321034
3601.42822265625,21.212330712811696
3606.8115234375,24.909149122227948
3612.19482421875,28.85363982469084
3617.578125,21.72633808095891
3622.96142578125,23.572983318363434
3628.3447265625,21.152697514701625
3633.72802734375,12.500248072726396
3639.111328125,17.509024437342326
3644.49462890625,13.327346404356806
3649.8779296875,20.375555592010457
3655.26123046875,19.263476840198457
3660.64453125,12.080399962594711
3666.02783203125,14.524225266107875
3671.4111328125,12.662601103353134
3676.79443359375,15.904726297604723
3682.177734375,17.732967492590955
3687.56103515625,16.878875447354183
3692.9443359375,23.005678862795026
3698.32763671875,21.083114467069567
3703.7109375,16.82250245105997
3709.09423828125,22.411608011537304
3714.4775390625,13.210395588468986
3719.86083984375,20.15485618194319
3725.244140625,17.25984344771733
3730.62744140625,18.75259786488663
3736.0107421875,20.140215261619872
3741.39404296875,19.20699159318055
3746.77734375,11.902157301390622
3752.16064453125,10.243671321604404
3757.5439453125,17.295330796585283
3762.92724609375,14.524254560455603
3768.310546875,19.235069854164117
3773.69384765625,21.967413801556496
3779.0771484375,4.497149343569617
3784.46044921875,19.38360100481805
3789.84375,17.207091915768878
3795.22705078125,7.329589185131395
3800.6103515625,7.636424636853974
3805.99365234375,7.4796575520712905
3811.376953125,4.091302684314789
3816.76025390625,13.27817151161651
3822.1435546875,9.812197195532047
3827.52685546875,7.808990914792673
3832.91015625,13.260625969429205
3838.29345703125,5.764298170420239
3843.6767578125,18.27323506021048
3849.06005859375,16.653431639834267
3854.443359375,8.893302849051844
3859.82666015625,3.922664231372874
3865.2099609375,15.951629233954769
3870.59326171875,19.615158688692492
3875.9765625,18.090871530335594
3881.35986328125,13.227290345327487
3886.7431640625,12.091362829336667
3892.12646484375,16.153985499435446
3897.509765625,5.657381154977323
3902.89306640625,17.471228758939052
3908.2763671875,18.7805436120681
3913.65966796875,9.813691129363963
3919.04296875,18.272468635382655
3924.42626953125,18.187774010545315
3929.8095703125,5.723828556489796
3935.19287109375,10.013452944340672
3940.576171875,4.115734310856815
3945.95947265625,4.724281963290858
3951.3427734375,13.67417888723616
3956.72607421875,14.73651862642104
3962.109375,17.573971955248453
3967.49267578125,22.443188507935815
3972.8759765625,21.56576484576632
3978.25927734375,19.538100929809165
3983.642578125,22.57108729664712
3989.02587890625,21.7879364790597
3994.4091796875,16.48901108000095
3999.79248046875,17.556871308867784
4005.17578125,17.420586353622795
4010.55908203125,12.423247720637692
4015.9423828125,9.647976553527974
4021.32568359375,11.014675468595359
4026.708984375,-3.076930395819616
4032.09228515625,6.85609132298365
4037.4755859375,6.592068908646054
4042.85888671875,16.686981157521238
4048.2421875,11.05065382000175
4053.62548828125,18.22458064125609
4059.0087890625,17.808910607322883
4064.39208984375,8.296438658697461
4069.775390625,14.18100089376643
4075.15869140625,14.957542188040623
4080.5419921875,15.040321400210201
4085.92529296875,8.762218343102294
4091.30859375,15.186603664483503
4096.69189453125,11.286000666829539
4102.0751953125,19.819646240678694
4107.45849609375,23.117981518030287
4112.841796875,24.908723075341296
4118.22509765625,26.059537507180096
4123.6083984375,24.337834605994345
4128.99169921875,22.982296673394774
4134.375,22.560536863253095
4139.75830078125,15.389893756790297
4145.1416015625,16.54795167481516
4150.52490234375,11.840119454783745
4155.908203125,13.58034137301872
4161.29150390625,18.98093390513132
4166.6748046875,17.223395843058988
4172.05810546875,19.26784886120383
4177.44140625,23.67759287775568
4182.82470703125,24.55135433667114
4188.2080078125,22.973284062172077
4193.59130859375,18.410805761556993
4198.974609375,17.517506363462306
4204.35791015625,20.420229403581875
4209.7412109375,18.4333750702841
4215.12451171875,20.27434209567908
4220.5078125,22.842239166725818
4225.89111328125,16.25273445362436
4231.2744140625,11.989514278399653
4236.65771484375,18.49287206449754
4242.041015625,19.32930716177747
4247.42431640625,17.71885932810821
4252.8076171875,18.544716751958298
4258.19091796875,21.4527606816282
4263.57421875,22.688750021184255
4268.95751953125,23.23887298661735
4274.3408203125,24.886541784938487
4279.72412109375,26.92965329816337
4285.107421875,28.034589973315306
4290.49072265625,28.93531057156759
4295.8740234375,29.620917593217943
4301.25732421875,28.644761730308087
4306.640625,27.428345284744715
4312.02392578125,24.939078658159893
4317.4072265625,19.094922507742112
4322.79052734375,15.670706142375916
4328.173828125,18.114226088806177
4333.55712890625,15.155947365136315
4338.9404296875,11.280039618940783
4344.32373046875,20.40906815657127
4349.70703125,23.698797278355087
4355.09033203125,25.26380067888244
4360.4736328125,23.479413466851202
4365.85693359375,15.32016069039056
4371.240234375,22.20087384987497
4376.62353515625,26.377827354741793
4382.0068359375,28.265860724888388
4387.39013671875,27.155455298917843
4392.7734375,24.482391888725008
4398.15673828125,20.626766767558063
4403.5400390625,23.837535441369564
4408.92333984375,24.927753823076735
4414.306640625,24.813745471426216
4419.68994140625,24.968360736856866
4425.0732421875,26.376395946293258
4430.45654296875,25.645947352829218
4435.83984375,25.689181264305763
4441.22314453125,24.61071881574764
4446.6064453125,24.96492475126823
4451.98974609375,24.462979787184942
4457.373046875,24.692628526561954
4462.75634765625,25.292706336326937
4468.1396484375,25.172729811477915
4473.52294921875,25.80777922083937
4478.90625,25.42151967122109
4484.28955078125,24.624270958565333
4489.6728515625,25.65256143121037
4495.05615234375,26.299623667023553
4500.439453125,24.091034982821682
4505.82275390625,24.5376491417316
4511.2060546875,24.037460450034047
4516.58935546875,22.037796194261166
4521.97265625,19.549150999215566
4527.35595703125,20.88281820393224
4532.7392578125,21.206194459488707
4538.12255859375,19.095921797593665
4543.505859375,18.67426860840532
4548.88916015625,17.640760787815864
4554.2724609375,15.5024912490729
4559.65576171875,15.356609268838213
4565.0390625,19.893716396398887
4570.42236328125,10.238309160546077
4575.8056640625,20.616832538733657
4581.18896484375,19.399471356622996
4586.572265625,16.570806483420938
4591.95556640625,11.767798816791577
4597.3388671875,17.083125329664565
4602.72216796875,16.1668878913852
4608.10546875,19.42460419709733
4613.48876953125,16.937420155586324
4618.8720703125,15.968275133817698
4624.25537109375,18.22362633683453
4629.638671875,16.963431513792397
4635.02197265625,16.718402853269275
4640.4052734375,20.451557996364905
4645.78857421875,18.69033386459816
4651.171875,11.768521610333192
4656.55517578125,6.447717005296628
4661.9384765625,12.521124775892972
4667.32177734375,14.86011134979628
4672.705078125,17.258747763436954
4678.08837890625,20.031425088613908
4683.4716796875,15.447907146766248
4688.85498046875,13.589793954041188
4694.23828125,0.5639760878242381
4699.62158203125,14.771485538528601
4705.0048828125,20.684195701533774
4710.38818359375,23.734082571366844
4715.771484375,25.062687539440674
4721.15478515625,25.159343839905524
4726.5380859375,24.48611374910449
4731.92138671875,22.439572226283353
4737.3046875,17.642188157974985
4742.68798828125,17.519190371295895
4748.0712890625,19.71366977782592
4753.45458984375,18.112620346477847
4758.837890625,18.77383848954326
4764.22119140625,22.733526513941275
4769.6044921875,19.980540201208036
4774.98779296875,21.383394818449663
4780.37109375,22.89418015363485
4785.75439453125,19.372417978757287
4791.1376953125,22.217785368195443
4796.52099609375,19.952177091732437
4801.904296875,16.35388889831207
4807.28759765625,17.257198086958443
4812.6708984375,15.924913486076333
4818.05419921875,22.273441777697997
4823.4375,21.24538476629081
4828.82080078125,20.696472293287936
4834.2041015625,20.916861630410995
4839.58740234375,11.858944292980295
4844.970703125,19.508950127230463
4850.35400390625,20.788163787127843
4855.7373046875,19.06255700040094
4861.12060546875,17.059695376051575
4866.50390625,16.513047521223665
4871.88720703125,19.762577733894478
4877.2705078125,17.32234228725301
4882.65380859375,16.71610548977876
4888.037109375,20.65284606629168
4893.42041015625,19.508797445847264
4898.8037109375,19.913078888068863
4904.18701171875,15.29386217692031
4909.5703125,4.24629606876784
4914.95361328125,4.413963316479387
4920.3369140625,17.35176608617221
4925.72021484375,19.553396771209233
4931.103515625,20.613309340373466
4936.48681640625,20.52550083919339
4941.8701171875,20.229685581877543
4947.25341796875,20.387721216844522
4952.63671875,17.71630777412412
4958.02001953125,14.5003506577033
4963.4033203125,10.72563114909409
4968.78662109375,11.66798749426614
4974.169921875,16.389245733037207
4979.55322265625,18.54916246371769
4984.9365234375,22.093464264318694
4990.31982421875,21.583547392587484
4995.703125,21.611226862665053
5001.08642578125,21.626644224650992
5006.4697265625,21.774587658650496
5011.85302734375,22.150152355284938
5017.236328125,17.76447997116955
5022.61962890625,15.866171604552651
5028.0029296875,22.110393106222727
5033.38623046875,22.189475180032176
5038.76953125,21.57634924098027
5044.15283203125,20.163372296916005
5049.5361328125,20.70674801471178
5054.91943359375,20.82526749187215
5060.302734375,18.822948903591357
5065.68603515625,21.422503001044934
5071.0693359375,22.97708357317994
5076.45263671875,19.899495922411297
5081.8359375,21.996478506256025
5087.21923828125,25.320563833311304
5092.6025390625,25.43269508836286
5097.98583984375,26.232516759511157
5103.369140625,27.198828737091016
5108.75244140625,27.296177979057397
5114.1357421875,29.440061499147674
5119.51904296875,28.48058936025206
5124.90234375,26.98044376638913
5130.28564453125,28.230290547471874
5135.6689453125,26.082544022152444
5141.05224609375,25.571020545917627
5146.435546875,24.063093847024493
5151.81884765625,24.574272167245944
5157.2021484375,24.65208519823625
5162.58544921875,24.709802268425598
5167.96875,22.546568044395347
5173.35205078125,19.89780137053573
5178.7353515625,19.087171166287646
5184.11865234375,14.0133828078978
5189.501953125,17.59282305087528
5194.88525390625,18.27929714799264
5200.2685546875,15.459349912398778
5205.65185546875,20.630796942164213
5211.03515625,20.630710085796164
5216.41845703125,20.812028742698786
5221.8017578125,22.250412358959583
5227.18505859375,20.752137963585355
5232.568359375,22.132601808724427
5237.95166015625,23.4990357978728
5243.3349609375,23.37617095754082
5248.71826171875,25.56576705480781
5254.1015625,25.701590164906932
5259.48486328125,27.166786093041964
5264.8681640625,28.600320579701616
5270.25146484375,27.51977859471659
5275.634765625,28.200661545208998
5281.01806640625,28.551254961100568
5286.4013671875,28.5505602876609
5291.78466796875,28.825011345043436
5297.16796875,28.494411930737293
5302.55126953125,27.703911928252406
5307.9345703125,28.450142340197985
5313.31787109375,28.190254791333764
5318.701171875,26.550479632517074
5324.08447265625,26.11135737445897
5329.4677734375,25.507965531653834
5334.85107421875,25.134514777081023
5340.234375,23.647373283178474
5345.61767578125,23.95647945775806
5351.0009765625,24.33392845460328
5356.38427734375,24.261730030401086
5361.767578125,24.385506694545715
5367.15087890625,21.779122811972393
5372.5341796875,22.35814966284159
5377.91748046875,19.304267122164678
5383.30078125,20.016330792796143
5388.68408203125,16.940033117870733
5394.0673828125,12.901645936029453
5399.45068359375,0.8542001902701245
5404.833984375,12.061869160390685
5410.21728515625,18.006109190009088
5415.6005859375,21.4451614637753
5420.98388671875,24.22416625597012
5426.3671875,24.188200476645566
5431.75048828125,24.632578603127037
5437.1337890625,24.515212731620004
5442.51708984375,24.024212684119284
5447.900390625,25.274667804503835
5453.28369140625,22.613863165039657
5458.6669921875,20.615454873516285
5464.05029296875,18.35088431610162
5469.43359375,18.368072142916443
5474.81689453125,19.45464709790284
5480.2001953125,21.885668835386696
5485.58349609375,23.18224232008175
5490.966796875,21.276973075650286
5496.35009765625,23.574652721745736
5501.7333984375,22.05768421088782
5507.11669921875,21.71811130923838
5512.5,21.421655195503494
5517.88330078125,22.12732271394814
5523.2666015625,22.946840765548426
5528.64990234375,23.500684118338626
5534.033203125,25.479833085189792
5539.41650390625,25.70335512042959
5544.7998046875,24.416473587142026
5550.18310546875,24.04123673800855
5555.56640625,22.40860488392255
5560.94970703125,20.117555268466162
5566.3330078125,19.25777066995213
5571.71630859375,18.043053701707052
5577.099609375,16.18649449164908
5582.48291015625,6.945765481311198
5587.8662109375,14.207411939234886
5593.24951171875,13.572884913087687
5598.6328125,14.345997773608449
5604.01611328125,14.520475522596975
5609.3994140625,13.758069798924183
5614.78271484375,15.736556135967234
5620.166015625,13.779260672747753
5625.54931640625,10.06751219408702
5630.9326171875,0.1486052197224951
5636.31591796875,-7.753597407365823
5641.69921875,-2.960107274729087
5647.08251953125,10.502620220292396
5652.4658203125,16.046767245457183
5657.84912109375,10.838426591608346
5663.232421875,15.328967972709545
5668.61572265625,14.374616271112814
5673.9990234375,17.274277455333817
5679.38232421875,11.692555398542163
5684.765625,14.313718034195906
5690.14892578125,17.364568787353395
5695.5322265625,14.896695429187778
5700.91552734375,10.913036347266656
5706.298828125,12.78543554777511
5711.68212890625,14.806936282653808
5717.0654296875,18.529590098799883
5722.44873046875,19.372980848485113
5727.83203125,18.06266472061442
5733.21533203125,20.757861263915196
5738.5986328125,22.882742674050995
5743.98193359375,22.794355546863862
5749.365234375,23.022955312109744
5754.74853515625,23.788954809208928
5760.1318359375,24.013139405911957
5765.51513671875,24.062136188054048
5770.8984375,24.549512916763035
5776.28173828125,22.53246686528986
5781.6650390625,19.776831137059975
5787.04833984375,19.671846772520645
5792.431640625,19.454315739363317
5797.81494140625,12.051029602502933
5803.1982421875,15.60454841512951
5808.58154296875,18.030064581265776
5813.96484375,18.25921199680551
5819.34814453125,16.8530254199043
5824.7314453125,14.885910398336982
5830.11474609375,14.76642121867874
5835.498046875,15.330947893027815
5840.88134765625,11.793042973166816
5846.2646484375,6.250849527812614
5851.64794921875,4.933711067731357
5857.03125,7.880053487229023
5862.41455078125,8.983869019978282
5867.7978515625,5.725601362003971
5873.18115234375,7.413637690838808
5878.564453125,0.019995562776780176
5883.94775390625,8.210697246405182
5889.3310546875,8.884124707978021
5894.71435546875,11.455759956783336
5900.09765625,12.138488456540824
5905.48095703125,10.96525953306724
5910.8642578125,7.483802763914021
5916.24755859375,10.934581126170944
5921.630859375,12.510509023763305
5927.01416015625,2.078652470089681
5932.3974609375,14.664172174698544
5937.78076171875,18.322561054977268
5943.1640625,17.808118760226733
5948.54736328125,12.69941226183558
5953.9306640625,13.890543827867827
5959.31396484375,12.01199929959835
5964.697265625,17.868106020655535
5970.08056640625,17.832943671407403
5975.4638671875,15.727531550189575
5980.84716796875,18.483631475908176
5986.23046875,21.48277145540377
5991.61376953125,19.52059081872606
5996.9970703125,16.106799404833893
6002.38037109375,19.091392887377285
6007.763671875,18.09423820393848
6013.14697265625,19.59757611700186
6018.5302734375,18.84989337792101
6023.91357421875,16.442788751154506
6029.296875,17.34838835931449
6034.68017578125,17.003770952819227
6040.0634765625,16.68963496104825
6045.44677734375,18.48075680955947
6050.830078125,16.801544208173134
6056.21337890625,15.348168196202195
6061.5966796875,16.687278917061562
6066.97998046875,17.694048361650903
6072.36328125,15.201462534981104
6077.74658203125,16.71012617849535
6083.1298828125,16.55038721341904
6088.51318359375,11.864523305491172
6093.896484375,14.586235950751494
6099.27978515625,18.470783192963328
6104.6630859375,15.28965200443277
6110.04638671875,17.22957658095
6115.4296875,19.34116538511164
6120.81298828125,20.26806736085215
6126.1962890625,20.849662692761367
6131.57958984375,16.397003933255135
6136.962890625,20.806757235455358
6142.34619140625,19.260408107063373
6147.7294921875,16.577560947875945
6153.11279296875,17.185022169158653
6158.49609375,7.238332169789854
6163.87939453125,10.135948426469144
6169.2626953125,9.409227839765467
6174.64599609375,14.848160284755492
6180.029296875,17.079010576493918
6185.41259765625,15.491422405596477
6190.7958984375,20.450480825005016
6196.17919921875,22.208139164667703
6201.5625,19.9788549501079
6206.94580078125,20.58335627174999
6212.3291015625,21.115426876876747
6217.71240234375,17.315197358381994
6223.095703125,18.079292087574267
6228.47900390625,17.265299458521216
6233.8623046875,13.300777111444368
6239.24560546875,12.169868840441547
6244.62890625,7.303067637537195
6250.01220703125,14.588522610049925
6255.3955078125,12.161613275181928
6260.77880859375,18.415838059430435
6266.162109375,16.95145226549588
6271.54541015625,15.512823417603613
6276.9287109375,18.976106653472705
6282.31201171875,17.93768834131896
6287.6953125,21.219140752131963
6293.07861328125,23.239324319051754
6298.4619140625,21.278815279835012
6303.84521484375,24.623256667704755
6309.228515625,22.996571512216732
6314.61181640625,25.448145358330237
6319.9951171875,24.073431460215087
6325.37841796875,24.448172610945353
6330.76171875,25.010618864142646
6336.14501953125,22.72533861777028
6341.5283203125,22.64136498732413
6346.91162109375,19.027576313859193
6352.294921875,20.26658873253021
6357.67822265625,17.8708164254153
6363.0615234375,13.106851871853081
6368.44482421875,11.817018437280709
6373.828125,9.453242943514327
6379.21142578125,4.494494282954017
6384.5947265625,9.702883941959135
6389.97802734375,12.339969179202866
6395.361328125,8.007429512895339
6400.74462890625,12.06743533523319
6406.1279296875,10.399864684382853
6411.51123046875,4.15825278524218
6416.89453125,-0.5919813851655841
6422.27783203125,6.944615514131884
6427.6611328125,8.920423837982916
6433.04443359375,4.268914537843943
6438.427734375,12.635601817851331
6443.81103515625,11.576833700035351
6449.1943359375,15.737522835872273
6454.57763671875,12.533887321043329
6459.9609375,14.142874389062959
6465.34423828125,14.869049278684388
6470.7275390625,12.483777757437856
6476.11083984375,10.470697242760181
6481.494140625,5.994332281469626
6486.87744140625,7.810559919123621
6492.2607421875,7.886069177084511
6497.64404296875,10.667225668407808
6503.02734375,13.726786157820584
6508.41064453125,12.375511783455922
6513.7939453125,15.817791896806401
6519.17724609375,15.007496497032427
6524.560546875,15.495771494540001
6529.94384765625,10.44780007362009
6535.3271484375,11.631928909882811
6540.71044921875,10.396791903730367
6546.09375,12.742531932960318
6551.47705078125,12.483263487147367
6556.8603515625,10.395047878664778
6562.24365234375,11.09070055096617
6567.626953125,11.255886400962055
6573.01025390625,8.751411043560328
6578.3935546875,11.738102410389729
6583.77685546875,2.9348623358470216
6589.16015625,10.307471817601803
6594.54345703125,11.52451452697856
6599.9267578125,8.073208860005
6605.31005859375,9.130138525261511
6610.693359375,2.2570802539030437
6616.07666015625,7.7187794086064
6621.4599609375,2.9687642066973567
6626.84326171875,7.3740726523442355
6632.2265625,9.807786276436318
6637.60986328125,10.069103235559623
6642.9931640625,13.692440210186245
6648.37646484375,11.032471612644088
6653.759765625,10.7444842615669
6659.14306640625,13.205396196513991
6664.5263671875,13.307682420605184
6669.90966796875,11.85963064093631
6675.29296875,12.71335534777795
6680.67626953125,17.477389490653263
6686.0595703125,18.862636608468836
6691.44287109375,16.87510275484839
6696.826171875,13.982667249256073
6702.20947265625,16.690351114817492
6707.5927734375,19.15301656220143
6712.97607421875,19.358810687295115
6718.359375,18.279358971297178
6723.74267578125,14.226349151744955
6729.1259765625,13.380049298753491
6734.50927734375,12.069784878371854
6739.892578125,10.710340499832384
6745.27587890625,6.416656792777133
6750.6591796875,6.864688738213407
6756.04248046875,12.092117010196603
6761.42578125,11.96733598960851
6766.80908203125,-10.667930269316477
6772.1923828125,11.068822252214375
6777.57568359375,13.780924459940604
6782.958984375,14.700668363786662
6788.34228515625,4.284656979469183
6793.7255859375,12.310248265487566
6799.10888671875,17.56682177067077
6804.4921875,17.595579307061882
6809.87548828125,14.888317031989608
6815.2587890625,14.115441623546772
6820.64208984375,12.633652573759992
6826.025390625,13.667134353324183
6831.40869140625,11.657006776674175
6836.7919921875,12.237071556565892
6842.17529296875,8.802021936161838
6847.55859375,6.836704386820704
6852.94189453125,9.411790570870243
6858.3251953125,9.428104124116444
6863.70849609375,5.87363481556924
6869.091796875,0.6780965954851276
6874.47509765625,-1.976102665018722
6879.8583984375,-0.5490105040577363
6885.24169921875,7.963807649995324
6890.625,8.65165869824596
6896.00830078125,11.600996001097311
6901.3916015625,7.896722957797147
6906.77490234375,3.872280838385765
6912.158203125,10.746676341958828
6917.54150390625,11.790678580281035
6922.9248046875,11.078643647396182
6928.30810546875,12.732850605708158
6933.69140625,12.682487207503087
6939.07470703125,12.465291885182479
6944.4580078125,11.21946948458735
6949.84130859375,13.85487045816458
6955.224609375,14.327338140106615
6960.60791015625,13.379667520469965
6965.9912109375,11.487280264012412
6971.37451171875,12.78238492560503
6976.7578125,10.993398608451306
6982.14111328125,12.060545303030189
6987.5244140625,12.070049575665667
6992.90771484375,12.08303662379766
6998.291015625,7.658304506058506
7003.67431640625,11.005674071808603
7009.0576171875,8.802718385046639
7014.44091796875,9.3651181544265
7019.82421875,13.13375887019933
7025.20751953125,10.84336796696057
7030.5908203125,10.659608128046917
7035.97412109375,13.741067694485498
7041.357421875,11.005834452434291
7046.74072265625,11.486252131312773
7052.1240234375,11.419345087926125
7057.50732421875,11.189432598882993
7062.890625,11.48570571011649
7068.27392578125,9.34058636185523
7073.6572265625,3.8590616336363186
7079.04052734375,2.8444885099802746
7084.423828125,4.545955163954595
7089.80712890625,-0.37354547797425885
7095.1904296875,4.497119180734828
7100.57373046875,5.915580066308626
7105.95703125,7.983900482410511
7111.34033203125,7.332113808652534
7116.7236328125,7.485967638971111
7122.10693359375,9.802585620931932
7127.490234375,9.040512379124888
7132.87353515625,10.043280835532567
7138.2568359375,3.7527416587796827
7143.64013671875,5.7252486469199635
7149.0234375,5.075271193726384
7154.40673828125,-3.97887423376845
7159.7900390625,-3.231742000356147
7165.17333984375,5.084051249197477
7170.556640625,5.444148768813319
7175.93994140625,3.255419107503772
7181.3232421875,-3.3928657580545973
7186.70654296875,-7.411261556090359
7192.08984375,-0.8808772069839574
7197.47314453125,9.152615256947026
7202.8564453125,8.36317185220102
7208.23974609375,1.2099782517652773
7213.623046875,7.6797593783206155
7219.00634765625,10.575174884131451
7224.3896484375,10.991037365543114
7229.77294921875,11.787055866902262
7235.15625,12.50231938073684
7240.53955078125,10.938821503306597
7245.9228515625,10.327127048002643
7251.30615234375,6.145882230711446
7256.689453125,5.722008329153745
7262.07275390625,6.1769255536918894
7267.4560546875,9.061063405600066
7272.83935546875,5.517463672340109
7278.22265625,6.485279827769083
7283.60595703125,-3.152977448575161
7288.9892578125,3.2926154460425554
7294.37255859375,9.54569338963053
7299.755859375,10.81869404583161
7305.13916015625,8.570370093890926
7310.5224609375,4.958664444143853
7315.90576171875,-1.901837279756757
7321.2890625,10.69202631993595
7326.67236328125,12.362484680318351
7332.0556640625,13.158701294296343
7337.43896484375,11.969555641988732
7342.822265625,4.86950854952143
7348.20556640625,7.543535646180043
7353.5888671875,10.816009920934244
7358.97216796875,9.478939960093689
7364.35546875,12.334921543080707
7369.73876953125,11.27508038607633
7375.1220703125,11.571630038750572
7380.50537109375,13.040880826249541
7385.888671875,14.67407714597748
7391.27197265625,14.08429800909852
7396.6552734375,15.19620649282758
7402.03857421875,12.398960632286729
7407.421875,12.040229824482756
7412.80517578125,13.619530258819283
7418.1884765625,12.428526931948827
7423.57177734375,8.59138480093901
7428.955078125,12.480646283632158
7434.33837890625,11.360249931784667
7439.7216796875,11.513013458449544
7445.10498046875,9.298142690508989
7450.48828125,11.073576301337065
7455.87158203125,9.30274036691756
7461.2548828125,6.672784409312625
7466.63818359375,4.9822501118104405
7472.021484375,4.2948686848750155
7477.40478515625,-2.86169714776355
7482.7880859375,-5.878865752702161
7488.17138671875,-3.377232687533756
7493.5546875,0.9780930366261964
7498.93798828125,1.3158678920635705
7504.3212890625,3.650587830523891
7509.70458984375,9.96267724897306
7515.087890625,11.812040226433808
7520.47119140625,9.50514066666056
7525.8544921875,10.123786292249289
7531.23779296875,9.978576746589082
7536.62109375,9.631951948658825
7542.00439453125,11.26560708036115
7547.3876953125,11.23682216979538
7552.77099609375,7.536468042521697
7558.154296875,3.4251284334520604
7563.53759765625,2.420525778054337
7568.9208984375,8.443536992509888
7574.30419921875,-0.7471781773543013
7579.6875,3.5743796707819464
7585.07080078125,8.327408217605596
7590.4541015625,10.607510699206134
7595.83740234375,11.856878741046465
7601.220703125,9.351853995022111
7606.60400390625,11.512759746342276
7611.9873046875,12.700772817160313
7617.37060546875,13.175131383731847
7622.75390625,10.375983550679512
7628.13720703125,14.1121136836275
7633.5205078125,11.310985556064576
7638.90380859375,10.81055721939631
7644.287109375,9.584785598339126
7649.67041015625,12.005316197295429
7655.0537109375,11.562568024667563
7660.43701171875,8.3407967400019
7665.8203125,6.3414201125585095
7671.20361328125,8.430078936448567
7676.5869140625,11.76980910549677
7681.97021484375,8.753465639522798
7687.353515625,5.4297843821412695
7692.73681640625,-5.131472451188869
7698.1201171875,-2.532821071800018
7703.50341796875,4.8419381353661715
7708.88671875,5.598849240372913
7714.27001953125,-1.7376734098781499
7719.6533203125,-4.3063174720049116
7725.03662109375,0.6494579602302729
7730.419921875,-5.815564474618055
7735.80322265625,-1.6911567121393525
7741.1865234375,-17.393242807306002
7746.56982421875,5.005561639244606
7751.953125,5.406098893095405
7757.33642578125,2.2471730780349923
7762.7197265625,-3.5863452095193726
7768.10302734375,6.181830750876442
7773.486328125,-0.8835139490358039
7778.86962890625,6.06004657997639
7784.2529296875,2.2061817033956173
7789.63623046875,8.276763737705462
7795.01953125,10.337112917932243
7800.40283203125,7.867073613926436
7805.7861328125,7.431094827501449
7811.16943359375,1.6255985113866835
7816.552734375,4.638713224191705
7821.93603515625,6.430090855628077
7827.3193359375,6.262684124788494
7832.70263671875,10.315646736114557
7838.0859375,6.013302015824863
7843.46923828125,5.040618242104743
7848.8525390625,4.697769783851416
7854.23583984375,5.486268752363086
7859.619140625,5.819904896196068
7865.00244140625,0.5424853339589241
7870.3857421875,-0.9318490773533243
7875.76904296875,5.825896197993999
7881.15234375,3.22297879972141
7886.53564453125,3.6074254220459023
7891.9189453125,1.970611257520979
7897.30224609375,-6.451967127235422
7902.685546875,-18.06361026817603
7908.06884765625,0.8026201461750506
7913.4521484375,5.798093201655561
7918.83544921875,-3.7479233152330016
7924.21875,6.109321268753419
7929.60205078125,8.68025344236221
7934.9853515625,5.555678795065307
7940.36865234375,7.167324206239534
7945.751953125,10.478431280563498
7951.13525390625,5.707365744924391
7956.5185546875,10.59655396837362
7961.90185546875,12.087119688406961
7967.28515625,9.475927795131199
7972.66845703125,3.2416199460925457
7978.0517578125,1.2941133813319046
7983.43505859375,0.8067000617246474
7988.818359375,7.781091152666711
7994.20166015625,7.352038459765692
7999.5849609375,8.013633418201985
8004.96826171875,7.271935494823751
8010.3515625,8.580147621084368
8015.73486328125,8.89695135664746
8021.1181640625,8.902395972489263
8026.50146484375,7.4287697665009755
8031.884765625,9.88328905588517
8037.26806640625,7.912924688611451
8042.6513671875,6.880310031909049
8048.03466796875,6.622423815723737
8053.41796875,4.396724344717056
8058.80126953125,2.970531386787342
8064.1845703125,6.9207701306430405
8069.56787109375,7.46108137775762
8074.951171875,8.837253774482287
8080.33447265625,3.1489459912331847
8085.7177734375,-10.729642015202641
8091.10107421875,-1.2096607481764734
8096.484375,-2.442832695322638
8101.86767578125,0.4261165372264061
8107.2509765625,5.011397563123625
8112.63427734375,5.0120778994514135
8118.017578125,4.858517037333864
8123.40087890625,6.177422069361139
8128.7841796875,5.500020452200388
8134.16748046875,7.509242372075208
8139.55078125,10.221883367742954
8144.93408203125,6.932879486499438
8150.3173828125,3.595116243953474
8155.70068359375,6.435512904173221
8161.083984375,7.277659456507499
8166.46728515625,2.284878041862777
8171.8505859375,0.664202581374296
8177.23388671875,-1.5253923789822261
8182.6171875,-5.73326655690554
8188.00048828125,-9.406539058069011
8193.3837890625,-2.0509007637489134
8198.76708984375,2.127516639173526
8204.150390625,-0.9700371254733074
8209.53369140625,-0.6683943885155125
8214.9169921875,0.4034362685305868
8220.30029296875,2.759109096933524
8225.68359375,-11.008500796859986
8231.06689453125,3.3853261769375487
8236.4501953125,2.7495953364132015
8241.83349609375,-5.818090340120181
8247.216796875,3.974204203530518
8252.60009765625,6.150533538272724
8257.9833984375,-4.691516974490401
8263.36669921875,2.6208833618371514
8268.75,3.309561455694819
8274.13330078125,3.320730362804441
8279.5166015625,3.230076736997834
8284.89990234375,7.491315284137325
8290.283203125,7.49577181887516
8295.66650390625,4.234990526044026
8301.0498046875,0.025418439662006843
8306.43310546875,8.752105651920605
8311.81640625,4.288637846564495
8317.19970703125,-5.612391034710125
8322.5830078125,2.1046203213316974
8327.96630859375,2.58894515240083
8333.349609375,-4.727693824288399
8338.73291015625,-3.991642546311203
8344.1162109375,5.2100162138176
8349.49951171875,7.13605586572964
8354.8828125,7.267202985453426
8360.26611328125,3.3954411442334425
8365.6494140625,5.510247278074414
8371.03271484375,5.274886510810752
8376.416015625,-18.460234131427068
8381.79931640625,1.44126208728645
8387.1826171875,0.9201778495649865
8392.56591796875,-9.475364022969682
8397.94921875,0.7776310487035825
8403.33251953125,-3.1782435331296504
8408.7158203125,2.0689201215316024
8414.09912109375,-2.995059634359925
8419.482421875,0.6243028604306284
8424.86572265625,-7.437373482787047
8430.2490234375,5.974634728375459
8435.63232421875,5.954068830247907
8441.015625,3.9779640751191336
8446.39892578125,-4.383516215310091
8451.7822265625,2.9965949950976425
8457.16552734375,3.487508496835911
8462.548828125,9.27046452420753
8467.93212890625,8.371750756709872
8473.3154296875,-1.0302410062636915
8478.69873046875,3.3329724218613093
8484.08203125,9.77922714324441
8489.46533203125,5.904728759476901
8494.8486328125,-0.9456286303357431
8500.23193359375,7.146317778136808
8505.615234375,6.597284010251688
8510.99853515625,-11.850101102339345
8516.3818359375,7.207716356835665
8521.76513671875,4.560356760433813
8527.1484375,1.1453971852809763
8532.53173828125,-2.8604782949464207
8537.9150390625,-0.3607396453826569
8543.29833984375,4.236895786701589
8548.681640625,7.050803166284884
8554.06494140625,5.788502870982919
8559.4482421875,8.317583474810059
8564.83154296875,8.164192734669275
8570.21484375,9.159373949771938
8575.59814453125,5.393010155157091
8580.9814453125,5.790228747788282
8586.36474609375,-0.6551476660244342
8591.748046875,0.20706111378585768
8597.13134765625,5.412958990788184
8602.5146484375,8.666535203080691
8607.89794921875,5.64819759044687
8613.28125,-5.339814832760947
8618.66455078125,-2.6283442570062103
8624.0478515625,2.074679179085031
8629.43115234375,-4.863511486950391
8634.814453125,-4.486903740017666
8640.19775390625,-7.666959303631403
8645.5810546875,-3.0061781145066604
8650.96435546875,3.449780688228536
8656.34765625,2.3679576476544053
8661.73095703125,5.286005503303394
8667.1142578125,0.5664564326053015
8672.49755859375,-0.16168646444060236
8677.880859375,-7.253826700834065
8683.26416015625,6.590997554733606
8688.6474609375,6.183915095280716
8694.03076171875,-5.980287476287252
8699.4140625,0.32537401233313956
8704.79736328125,1.0697875270191353
8710.1806640625,5.4585708343562525
8715.56396484375,-4.067183718855792
8720.947265625,-3.626525297577528
8726.33056640625,-1.4425653729018852
8731.7138671875,-6.09465292225006
8737.09716796875,-2.2320208467050837
8742.48046875,-2.586444400029475
8747.86376953125,11.18858883913992
8753.2470703125,10.991396668754842
8758.63037109375,2.073701177456042
8764.013671875,7.026162480122148
8769.39697265625,4.036000567597722
8774.7802734375,6.935061282936696
8780.16357421875,8.102662212592657
8785.546875,4.4304717675806575
8790.93017578125,1.1294039845119628
8796.3134765625,4.370931897342171
8801.69677734375,9.037211428805566
8807.080078125,9.408690452817563
8812.46337890625,11.547551066853515
8817.8466796875,9.731337847369426
8823.22998046875,10.471235086803755
8828.61328125,7.485950648814006
8833.99658203125,4.756792639444402
8839.3798828125,10.223997847767329
8844.76318359375,7.929206120304563
8850.146484375,-2.6110981824146795
8855.52978515625,-1.1618605082308702
8860.9130859375,-3.5059194521374755
8866.29638671875,5.40902545339285
8871.6796875,0.22193111044685135
8877.06298828125,4.816968517367788
8882.4462890625,5.208791862926078
8887.82958984375,5.03972177846988
8893.212890625,-2.3353931769169174
8898.59619140625,-10.860570784828829
8903.9794921875,2.1193278494194363
8909.36279296875,2.2382592666697336
8914.74609375,8.06196286153262
8920.12939453125,9.534560435921168
8925.5126953125,5.301076528960294
8930.89599609375,8.814112813593795
8936.279296875,0.04488081431470083
8941.66259765625,3.9720566265582113
8947.0458984375,-7.13658335397767
8952.42919921875,-1.2662732602159443
8957.8125,6.206166514962167
8963.19580078125,7.228113520129089
8968.5791015625,-1.416440064746115
8973.96240234375,3.99964595497494
8979.345703125,-9.5567292879455
8984.72900390625,-5.451450978657574
8990.1123046875,1.753233546737047
8995.49560546875,3.410082933059049
9000.87890625,3.8093679038345503
9006.26220703125,6.954088537078782
9011.6455078125,-6.2362558198468445
9017.02880859375,5.33201851864463
9022.412109375,6.123622160592168
9027.79541015625,10.888150308794597
9033.1787109375,7.011878680289464
9038.56201171875,-18.21650114749515
9043.9453125,1.9060540464362554
9049.32861328125,6.091023172815203
9054.7119140625,-0.03215408209996587
9060.09521484375,0.36784085842397374
9065.478515625,6.83669827331777
9070.86181640625,3.7528477538440033
9076.2451171875,7.1605341618578215
9081.62841796875,12.179466909657663
9087.01171875,7.555483863944797
9092.39501953125,1.491674887465659
9097.7783203125,1.8796168697126803
9103.16162109375,6.703340202851711
9108.544921875,7.3466785370085255
9113.92822265625,0.03007815255570049
9119.3115234375,10.61629756489631
9124.69482421875,4.992259522429449
9130.078125,6.599201052399563
9135.46142578125,7.887753562310471
9140.8447265625,-2.2449398910293024
9146.22802734375,-0.5287756933716417
9151.611328125,2.5711451767381317
9156.99462890625,1.3765470404385414
9162.3779296875,-13.489766574334235
9167.76123046875,-4.199184243857036
9173.14453125,-2.0191579058322606
9178.52783203125,9.284658273526023
9183.9111328125,7.708676585291357
9189.29443359375,5.90347897923965
9194.677734375,5.819251090405611
9200.06103515625,5.409795456831965
9205.4443359375,11.512621139408205
9210.82763671875,-5.853903944592222
9216.2109375,10.677856623619737
9221.59423828125,6.707812341811168
9226.9775390625,2.5428330566381745
9232.36083984375,-0.13201464804867138
9237.744140625,7.502943996761239
9243.12744140625,9.821099078252995
9248.5107421875,-0.9153009277143107
9253.89404296875,8.336424929255664
9259.27734375,5.971771423905055
9264.66064453125,-3.2585587267547766
9270.0439453125,7.623682948641612
9275.42724609375,4.8262812003657
9280.810546875,4.776110072763369
9286.19384765625,10.770006969926973
9291.5771484375,2.3195193402070142
9296.96044921875,1.7496179523960813
9302.34375,-2.0012517780435326
9307.72705078125,-1.2921885617148057
9313.1103515625,4.809182949290289
9318.49365234375,6.0524618269022685
9323.876953125,4.252626564146447
9329.26025390625,7.753657610402156
9334.6435546875,4.5096792118934665
9340.02685546875,2.1689684217461287
9345.41015625,8.573393215079756
9350.79345703125,13.095779785022426
9356.1767578125,9.864921841594086
9361.56005859375,1.2308016816473921
9366.943359375,6.822685155389532
9372.32666015625,13.13768053826186
9377.7099609375,8.052020455017027
9383.09326171875,0.9667548415197709
9388.4765625,8.350597239517125
9393.85986328125,8.480803559272559
9399.2431640625,-5.827386401080112
9404.62646484375,11.516293087894523
9410.009765625,7.143966033478498
9415.39306640625,5.420766804813489
9420.7763671875,7.305041190735499
9426.15966796875,1.636102779111108
9431.54296875,-0.22739682477638065
9436.92626953125,2.775651554449725
9442.3095703125,5.565430519295855
9447.69287109375,0.6340365469555137
9453.076171875,-4.255679653841422
9458.45947265625,2.147905854622117
9463.8427734375,4.273381475138137
9469.22607421875,1.9120448834796955
9474.609375,4.4130231375845845
9479.99267578125,9.631009262853341
9485.3759765625,-7.429575216949871
9490.75927734375,11.05930601993042
9496.142578125,4.58628915458707
9501.52587890625,7.920366733082595
9506.9091796875,10.456076274169185
9512.29248046875,8.78802436999899
9517.67578125,0.6790230077514865
9523.05908203125,4.445314484473154
9528.4423828125,1.8479460300852995
9533.82568359375,2.9931099934048158
9539.208984375,1.5753757208090116
9544.59228515625,-1.835134843309186
9549.9755859375,-0.5707278224021216
9555.35888671875,-10.473852277790947
9560.7421875,-4.043861929635492
9566.12548828125,-1.8149240984931216
9571.5087890625,-3.6543112326239253
9576.89208984375,-0.11270095090711946
9582.275390625,-6.1567635734869475
9587.65869140625,0.4670191771316179
9593.0419921875,2.0462725678384333
9598.42529296875,8.409443058649666
9603.80859375,-0.9241992116531649
9609.19189453125,4.495853355815955
9614.5751953125,0.39100209755371124
9619.95849609375,0.9857390498122569
9625.341796875,1.458809727590512
9630.72509765625,3.0681354287151814
9636.1083984375,9.03979316482576
9641.49169921875,-1.5492032823592738
9646.875,7.957109991335761
9652.25830078125,4.716216303149351
9657.6416015625,-1.5038500270011408
9663.02490234375,3.811284988580614
9668.408203125,1.2391596326877028
9673.79150390625,1.0498180298805846
9679.1748046875,8.961863156828949
9684.55810546875,-0.8808647438523
9689.94140625,6.664778515053333
9695.32470703125,2.2078239162920106
9700.7080078125,6.35452860764652
9706.09130859375,1.7562703159703612
9711.474609375,2.2509543814493997
9716.85791015625,1.8784130531771766
9722.2412109375,-2.2363676303911544
9727.62451171875,0.25101017916217444
9733.0078125,0.8328045352384682
9738.39111328125,3.6471698740829166
9743.7744140625,9.826206232208627
9749.15771484375,7.023928215993016
9754.541015625,6.498717294326804
9759.92431640625,1.55599069287484
9765.3076171875,1.6523921964053903
9770.69091796875,3.2541607272274686
9776.07421875,-3.108088064134252
9781.45751953125,-7.330483896059048
9786.8408203125,3.867105670192176
9792.22412109375,0.46445282374440894
9797.607421875,-1.9355785977060274
9802.99072265625,2.213819981214562
9808.3740234375,-0.2486164382196081
9813.75732421875,-0.08632348425759787
9819.140625,1.3176256692638981
9824.52392578125,5.744068088171369
9829.9072265625,2.8846303480615276
9835.29052734375,0.6052062989695236
9840.673828125,-7.518545899868614
9846.05712890625,-4.5444785844079325
9851.4404296875,1.908283027732793
9856.82373046875,-1.8216964305588201
9862.20703125,1.3560215597585419
9867.59033203125,6.124288137910714
9872.9736328125,-2.409184436481451
9878.35693359375,1.8739653641224228
9883.740234375,-2.3193925826869455
9889.12353515625,3.071776315644112
9894.5068359375,2.874411150762826
9899.89013671875,0.4940059846028797
9905.2734375,4.837453003858031
9910.65673828125,-13.201113498532893
9916.0400390625,1.9434387810906248
9921.42333984375,-7.188805006414442
9926.806640625,2.788262431908415
9932.18994140625,2.2221711253180483
9937.5732421875,5.570130624748506
9942.95654296875,-1.1805638318423364
9948.33984375,8.357688673517975
9953.72314453125,3.4660490211375876
9959.1064453125,-0.33689386974921265
9964.48974609375,1.5362344742539373
9969.873046875,-4.142768874776702
9975.25634765625,-3.801496246667288
9980.6396484375,-0.11088425949709751
9986.02294921875,-3.636053173718454
9991.40625,3.649076761849131
9996.78955078125,-2.687557254297782
10002.1728515625,4.340482357044827
10007.55615234375,-3.762974821654932
10012.939453125,2.6865868360522
10018.32275390625,2.4517215154603598
10023.7060546875,2.258189091241974
10029.08935546875,-5.594047723905033
10034.47265625,2.618096049204677
10039.85595703125,1.756439846251078
10045.2392578125,2.9289952020469743
10050.62255859375,2.3333834578627815
10056.005859375,-2.734186712077695
10061.38916015625,-2.6225820446770722
10066.7724609375,-25.999770294966083
10072.15576171875,-3.0092997202499854
10077.5390625,-2.92814039383204
10082.92236328125,-8.114686942420787
10088.3056640625,-1.2591144346722847
10093.68896484375,-1.9494174929179326
10099.072265625,-5.942427998807954
10104.45556640625,-4.525754540484074
10109.8388671875,-0.9548311758483552
10115.22216796875,0.9033320829761836
10120.60546875,-0.2473361585450942
10125.98876953125,-3.8111448382916895
10131.3720703125,-3.659023597864089
10136.75537109375,-3.9017311410736175
10142.138671875,-10.25366666071012
10147.52197265625,-0.18056351768831438
10152.9052734375,-6.150500391152065
10158.28857421875,-8.309080374476617
10163.671875,-9.527837326099508
10169.05517578125,-11.388871430018279
10174.4384765625,-6.616295371946804
10179.82177734375,-0.29621956807378425
10185.205078125,-5.954704202702013
10190.58837890625,-3.5350256171815713
10195.9716796875,-7.001083355540293
10201.35498046875,-0.834328537865911
10206.73828125,1.4866500386404722
10212.12158203125,-8.25597005009504
10217.5048828125,-1.7847582445288135
10222.88818359375,3.0541397679222984
10228.271484375,-0.7374673304901249
10233.65478515625,-7.616121819967425
10239.0380859375,-6.2147582825617596
10244.42138671875,-7.252217861764633
10249.8046875,-2.6112977100394374
10255.18798828125,-3.482277645363249
10260.5712890625,-7.074963765155442
10265.95458984375,-8.8207643182484
10271.337890625,-6.475620669654603
10276.72119140625,-0.2519199812914758
10282.1044921875,-10.580447805460086
10287.48779296875,-4.812124807933033
10292.87109375,-9.341744958433804
10298.25439453125,-5.734135162733632
10303.6376953125,-2.4524544663869094
10309.02099609375,-5.090232637577269
10314.404296875,-8.7764380845085
10319.78759765625,0.0006803236002372109
10325.1708984375,-2.0570321989970357
10330.55419921875,-18.373432434687373
10335.9375,-6.164858120422537
10341.32080078125,-6.261480029323968
10346.7041015625,-7.2264414848100555
10352.08740234375,-28.543119057816412
10357.470703125,-6.502834077011833
10362.85400390625,-7.8896353485051405
10368.2373046875,-14.645832129189651
10373.62060546875,-5.416006555302557
10379.00390625,-8.643272101908776
10384.38720703125,-11.056405337546513
10389.7705078125,-8.946949641051573
10395.15380859375,-14.323704733332498
10400.537109375,-11.26857143110643
10405.92041015625,-3.701543755883438
10411.3037109375,-1.5177957917026899
10416.68701171875,-3.5214053773657628
10422.0703125,-9.535948988761398
10427.45361328125,-3.2336270226265325
10432.8369140625,-1.581359397906732
10438.22021484375,-3.920482489749144
10443.603515625,-5.033189027547024
10448.98681640625,-4.414603567451964
10454.3701171875,-18.20978764107975
10459.75341796875,-10.08426163443363
10465.13671875,-11.24085585124795
10470.52001953125,-6.856379717564298
10475.9033203125,-7.5281282424833265
10481.28662109375,-2.1248280177370207
10486.669921875,-5.527095084240385
10492.05322265625,-12.712931191935056
10497.4365234375,-11.76814403997833
10502.81982421875,-11.437152175227194
10508.203125,-12.946288688541808
10513.58642578125,-19.196005707389354
10518.9697265625,-4.735665939859794
10524.35302734375,-6.422116916683276
10529.736328125,-2.919107443040669
10535.11962890625,-2.9325621397259978
10540.5029296875,-0.9896207323073625
10545.88623046875,-4.909279917760818
10551.26953125,-4.261899682061715
10556.65283203125,0.3557933543775541
10562.0361328125,0.39999992792008005
10567.41943359375,-5.3706880591191
10572.802734375,-14.186578970993367
10578.18603515625,-9.351906626620693
10583.5693359375,-1.6894083154692714
10588.95263671875,-3.147897648387569
10594.3359375,-11.47176263342585
10599.71923828125,-7.982858354122527
10605.1025390625,-14.15555447479306
10610.48583984375,-11.759457940293279
10615.869140625,-16.556501374142563
10621.25244140625,-9.23531825303375
10626.6357421875,-4.144887217120603
10632.01904296875,-3.819361587808424
10637.40234375,-4.730778766309603
10642.78564453125,-4.229218645305421
10648.1689453125,-0.6258585565031188
10653.55224609375,-2.550124890171481
10658.935546875,-7.147712184331406
10664.31884765625,-11.404710280298502
10669.7021484375,-7.504804945441025
10675.08544921875,-5.619623983851133
10680.46875,-12.402459874739634
10685.85205078125,-12.205289069637432
10691.2353515625,-10.592736185320321
10696.61865234375,-13.53583792684718
10702.001953125,-19.87860076383865
10707.38525390625,-18.099973097143586
10712.7685546875,-13.80675423432166
10718.15185546875,-11.281693261937477
10723.53515625,-12.354133099904933
10728.91845703125,-11.820730869375893
10734.3017578125,-9.606381087631089
10739.68505859375,-24.903221703971006
10745.068359375,-9.201368543128176
10750.45166015625,-13.474990969549694
10755.8349609375,-10.936776511234125
10761.21826171875,-6.438357700456292
10766.6015625,-8.931266286903195
10771.98486328125,-3.1776665102073887
10777.3681640625,-0.5170904733086433
10782.75146484375,-4.795058885466578
10788.134765625,-1.7597281961896907
10793.51806640625,1.3025226612469554
10798.9013671875,-3.1309674676759958
10804.28466796875,-8.088638979317967
10809.66796875,-6.125850662609849
10815.05126953125,-3.422919642206519
10820.4345703125,-3.9440120360837616
10825.81787109375,-7.394199967292828
10831.201171875,-13.687020674633494
10836.58447265625,-6.452634711803543
10841.9677734375,-3.0489790878459457
10847.35107421875,-2.091356268144443
10852.734375,-4.656239751645265
10858.11767578125,-7.543494783115683
10863.5009765625,-6.0469347449708435
10868.88427734375,-3.4970690396809734
10874.267578125,-10.869672349778664
10879.65087890625,-9.695224727670787
10885.0341796875,-5.799706206120391
10890.41748046875,-6.308767186765439
10895.80078125,-12.16133419664642
10901.18408203125,-19.621534137130375
10906.5673828125,-7.722801846889473
10911.95068359375,-11.628759591375179
10917.333984375,-7.89563093972151
10922.71728515625,-3.4611936655669546
10928.1005859375,-1.2069976598570333
10933.48388671875,1.9117458338009907
10938.8671875,1.6009638442901313
10944.25048828125,-0.19807586691160203
10949.6337890625,-4.390236417026255
10955.01708984375,-24.29559480297698
10960.400390625,-4.092244886215337
10965.78369140625,-2.5064050578369947
10971.1669921875,-9.367303856139829
10976.55029296875,-10.34221381063923
10981.93359375,-4.711078171817505
10987.31689453125,-7.158988057655283
10992.7001953125,-8.177220314376054
10998.08349609375,-11.503953960851813
11003.466796875,-10.574089701456188
11008.85009765625,-18.812617638986737
11014.2333984375,-7.3946879810884365
11019.61669921875,-4.257302709819926
11025,-8.257519734434158
11030.38330078125,-9.71947728274197
11035.7666015625,-1.1140117607667186
11041.14990234375,-2.751238643657228
11046.533203125,-2.6245308714780133
11051.91650390625,-2.7317123624115642
11057.2998046875,-0.9234612384287022
11062.68310546875,1.349043179853526
11068.06640625,2.1867062746909487
11073.44970703125,-0.4860468507676927
11078.8330078125,-9.504149759538238
11084.21630859375,-6.120970614419337
11089.599609375,-10.721495222898776
11094.98291015625,-23.839324087656113
11100.3662109375,-9.784380446534337
11105.74951171875,-1.277333922185365
11111.1328125,-0.7256170853442958
11116.51611328125,-9.79579321712279
11121.8994140625,-19.391115303400102
11127.28271484375,-7.550046141379791
11132.666015625,-1.621709959574166
11138.04931640625,-4.401772812205442
11143.4326171875,-5.633848794208388
11148.81591796875,-2.878924467667159
11154.19921875,-1.1702349397935572
11159.58251953125,-0.36004059252371123
11164.9658203125,0.34984671898492353
11170.34912109375,-9.170702595743576
11175.732421875,-7.116781495394414
11181.11572265625,-9.209397729350123
11186.4990234375,-5.180587992442357
11191.88232421875,-7.614063149287723
11197.265625,-12.005069358106136
11202.64892578125,-10.307329983879395
11208.0322265625,-4.135612695931105
11213.41552734375,-8.530759874032626
11218.798828125,-38.142997714228095
11224.18212890625,-16.706829067004765
11229.5654296875,-13.04918221699892
11234.94873046875,-9.611130778461519
11240.33203125,-3.8572074159483978
11245.71533203125,-1.5369034730124844
11251.0986328125,-6.63742598136554
11256.48193359375,-5.653134130803373
11261.865234375,-6.114227142611072
11267.24853515625,-23.325514212941915
11272.6318359375,-8.658028733002709
11278.01513671875,-2.206655065207536
11283.3984375,-0.9298322422434049
11288.78173828125,-6.182125135947309
11294.1650390625,-15.426163789657263
11299.54833984375,-9.047737455746864
11304.931640625,-11.54095501542476
11310.31494140625,-10.737054709211822
11315.6982421875,-6.8805308747593195
11321.08154296875,-12.014271422079696
11326.46484375,-22.574310678162956
11331.84814453125,-15.508213534553015
11337.2314453125,-15.156103608351984
11342.61474609375,-4.906830775812688
11347.998046875,-13.410256806780236
11353.38134765625,-5.756752924228424
11358.7646484375,-5.066532390642806
11364.14794921875,-11.257796257954285
11369.53125,-13.22875931296972
11374.91455078125,-16.509813319135457
11380.2978515625,-8.644181439170644
11385.68115234375,-0.9113794788267386
11391.064453125,-2.112425359814266
11396.44775390625,-9.669309533952429
11401.8310546875,-6.328072817841833
11407.21435546875,-1.8982384955900882
11412.59765625,-6.903894060119335
11417.98095703125,-4.876757001007589
11423.3642578125,-4.914919277451602
11428.74755859375,-6.684942438094408
11434.130859375,-5.377566107948844
11439.51416015625,-2.3336851406568817
11444.8974609375,-0.5894836014341538
11450.28076171875,-4.378911224100015
11455.6640625,-5.088006485777838
11461.04736328125,-4.761987164582476
11466.4306640625,-1.145623191085441
11471.81396484375,-4.626132714354822
11477.197265625,-10.458620832063357
11482.58056640625,-6.204007372393653
11487.9638671875,-4.773527920843389
11493.34716796875,-6.842052105861144
11498.73046875,-6.2649683275245724
11504.11376953125,-2.6147050211079454
11509.4970703125,-5.427288626809069
11514.88037109375,-8.948787232259374
11520.263671875,-8.777982249534109
11525.64697265625,-6.036494796639974
11531.0302734375,-19.246004438188386
11536.41357421875,-10.103291320884441
11541.796875,-14.7973996839216
11547.18017578125,-10.892886686022873
11552.5634765625,-20.43139764924247
11557.94677734375,-11.2683436812694
11563.330078125,-20.88669207148264
11568.71337890625,-14.849679766080461
11574.0966796875,-10.220178903672231
11579.47998046875,-10.773280046104954
11584.86328125,-12.451197200268107
11590.24658203125,-5.91695992852877
11595.6298828125,-4.880876127564867
11601.01318359375,-17.208932480780263
11606.396484375,-0.6842792459463554
11611.77978515625,-2.3160926340964676
11617.1630859375,-4.361870583060315
11622.54638671875,-5.976941279587003
11627.9296875,-3.4043792177106313
11633.31298828125,-4.256504746658429
11638.6962890625,-7.314482383171414
11644.07958984375,-3.7718578235809956
11649.462890625,-8.922820329968227
11654.84619140625,-4.0088318692084295
11660.2294921875,-9.596520688616035
11665.61279296875,-13.541700220799381
11670.99609375,-10.436494621414223
11676.37939453125,-15.320571146090776
11681.7626953125,-14.327750019444107
11687.14599609375,-8.435545887376088
11692.529296875,-3.0943021201153087
11697.91259765625,-6.127619176827835
11703.2958984375,-9.266784874003152
11708.67919921875,-12.909813292945639
11714.0625,-5.140106349346465
11719.44580078125,-23.280672961884473
11724.8291015625,-4.573088906720805
11730.21240234375,-3.6565532675148504
11735.595703125,-7.469467757865407
11740.97900390625,-15.123792585828857
11746.3623046875,-7.018101676229886
11751.74560546875,-21.488684057447706
11757.12890625,-9.638224618040091
11762.51220703125,-6.807021779961719
11767.8955078125,-3.269086910045584
11773.27880859375,-8.425834336239138
11778.662109375,-8.030534055135995
11784.04541015625,-5.23436552287197
11789.4287109375,-9.486794194942313
11794.81201171875,-15.77618617643493
11800.1953125,-11.392979956079968
11805.57861328125,-8.002966013893113
11810.9619140625,-11.255374278756417
11816.34521484375,-14.239894216911079
11821.728515625,-24.446823235175167
11827.11181640625,-7.545574927584657
11832.4951171875,-5.925902445368364
11837.87841796875,-6.429580222551677
11843.26171875,-2.5268565167551515
11848.64501953125,-12.298690889935276
11854.0283203125,-2.3054354866036886
11859.41162109375,-3.748302151807793
11864.794921875,-2.8641574552477977
11870.17822265625,-7.609345238981632
11875.5615234375,-12.218762764881346
11880.94482421875,-7.259628465805013
11886.328125,-15.975334180689
11891.71142578125,-13.377742166700543
11897.0947265625,-12.838597940171026
11902.47802734375,-7.56198048327801
11907.861328125,-6.351864606702433
11913.24462890625,-12.692792905933572
11918.6279296875,-11.976020053422813
11924.01123046875,-4.945458640172135
11929.39453125,-6.486336119112858
11934.77783203125,-8.291636463646213
11940.1611328125,-5.2825338203074566
11945.54443359375,-7.550597570121801
11950.927734375,-4.728926366232187
11956.31103515625,-13.827697577101956
11961.6943359375,-10.921026739456014
11967.07763671875,-9.01805066605815
11972.4609375,-8.155622488444907
11977.84423828125,-13.37931030055265
11983.2275390625,-16.63087945721755
11988.61083984375,-7.901133786365917
11993.994140625,-7.609534226107508
11999.37744140625,-12.247787963056467
12004.7607421875,-23.746403598056702
12010.14404296875,-7.656415918805758
12015.52734375,-11.701864805183398
12020.91064453125,-9.286183678041159
12026.2939453125,-6.151347477831229
12031.67724609375,-8.75466835457742
12037.060546875,-7.025974405073411
12042.44384765625,-12.561864732349514
12047.8271484375,-25.826652420964923
12053.21044921875,-6.002076730637583
12058.59375,-3.709525923337665
12063.97705078125,-8.434444193803898
12069.3603515625,-5.649808626041014
12074.74365234375,-5.800784681994
12080.126953125,-4.085088224554939
12085.51025390625,-3.9429064247784877
12090.8935546875,-12.574809651449016
12096.27685546875,-22.832628218571823
12101.66015625,-20.41939489933555
12107.04345703125,-15.405738036337326
12112.4267578125,-19.061758039983346
12117.81005859375,-10.831729956624333
12123.193359375,-13.653696140183364
12128.57666015625,-12.0659794866845
12133.9599609375,-12.828676029129527
12139.34326171875,-6.7123387603154665
12144.7265625,-7.153988431898051
12150.10986328125,-10.434349726928573
12155.4931640625,-14.367674205228946
12160.87646484375,-10.39994757563406
12166.259765625,-14.070233830365964
12171.64306640625,-13.325426180910094
12177.0263671875,-14.667558444230737
12182.40966796875,-8.32647834015353
12187.79296875,-13.164782314453804
12193.17626953125,-12.771247901444244
12198.5595703125,-10.388857153496424
12203.94287109375,-16.83296688041142
12209.326171875,-11.664637609993655
12214.70947265625,-18.752369699434738
12220.0927734375,-10.905727243820376
12225.47607421875,-8.522314722773155
12230.859375,-7.302151095220877
12236.24267578125,-9.823633146123464
12241.6259765625,-5.499697869167247
12247.00927734375,-3.894379765024529
12252.392578125,-4.845973058968229
12257.77587890625,-3.479225143478786
12263.1591796875,-4.555284079906982
12268.54248046875,-3.8288621513123378
12273.92578125,-7.045797987308676
12279.30908203125,-5.177832150702029
12284.6923828125,-11.529443930038648
12290.07568359375,-7.034052155640755
12295.458984375,-10.9725469901428
12300.84228515625,-10.501634966572581
12306.2255859375,-20.712604580098674
12311.60888671875,-11.64134818976585
12316.9921875,-47.910456759480624
12322.37548828125,-14.678383815016478
12327.7587890625,-6.769168729112664
12333.14208984375,-9.372356267820374
12338.525390625,-11.324035051095713
12343.90869140625,-8.947552491764249
12349.2919921875,-13.089488912758462
12354.67529296875,-13.692697031548956
12360.05859375,-5.882806708713421
12365.44189453125,-9.701824735960209
12370.8251953125,-9.012845876619819
12376.20849609375,-9.897626278871423
12381.591796875,-4.826180598974562
12386.97509765625,-8.97138876536086
12392.3583984375,-5.481965854665679
12397.74169921875,-9.874217175727116
12403.125,-11.526623323661838
12408.50830078125,-17.05722391035743
12413.8916015625,-9.595380199076804
12419.27490234375,-11.955998371349633
12424.658203125,-10.469323329158748
12430.04150390625,-15.057138128748955
12435.4248046875,-27.379738126594198
12440.80810546875,-13.257778371666063
12446.19140625,-15.920186309061448
12451.57470703125,-12.680892454371948
12456.9580078125,-10.967208025161337
12462.34130859375,-23.30647044376397
12467.724609375,-18.125718067776976
12473.10791015625,-7.949403564682264
12478.4912109375,-9.57387825493359
12483.87451171875,-9.184021987244318
12489.2578125,-9.66619792199348
12494.64111328125,-9.312674246050495
12500.0244140625,-11.169157052086181
12505.40771484375,-9.978577952566134
12510.791015625,-15.233149407335356
12516.17431640625,-9.181846375748437
12521.5576171875,-13.195507413614404
12526.94091796875,-11.879761512314664
12532.32421875,-18.166115531436184
12537.70751953125,-15.09333384745646
12543.0908203125,-23.957757443258586
12548.47412109375,-10.25600420474537
12553.857421875,-9.616408206964971
12559.24072265625,-10.342683934408292
12564.6240234375,-8.831640345018014
12570.00732421875,-18.218690731342427
12575.390625,-8.690527429765824
12580.77392578125,-11.15848202357611
12586.1572265625,-15.040489687421793
12591.54052734375,-11.758281811389432
12596.923828125,-26.542325073556412
12602.30712890625,-10.425586831183614
12607.6904296875,-13.547242056989507
12613.07373046875,-8.973429056499423
12618.45703125,-9.85863237902657
12623.84033203125,-10.575348650917123
12629.2236328125,-20.03684880309191
12634.60693359375,-9.402362816188376
12639.990234375,-12.099664542322301
12645.37353515625,-6.436984731865381
12650.7568359375,-12.426744100293426
12656.14013671875,-5.75058336576142
12661.5234375,-15.214661472895939
12666.90673828125,-9.94205489163704
12672.2900390625,-11.576497559118334
12677.67333984375,-8.296416902185953
12683.056640625,-7.921771808476504
12688.43994140625,-4.667636322236431
12693.8232421875,-11.395482453262979
12699.20654296875,-5.822759864865596
12704.58984375,-8.317688236773952
12709.97314453125,-10.72330276661984
12715.3564453125,-7.9721172890199945
12720.73974609375,-5.451278308931471
12726.123046875,-12.929925150497306
12731.50634765625,-9.723348057535267
12736.8896484375,-22.014903279445367
12742.27294921875,-13.672976326208833
12747.65625,-9.925915580466146
12753.03955078125,-6.810417661683424
12758.4228515625,-21.450004598104975
12763.80615234375,-14.286768888827757
12769.189453125,-8.72104087477786
12774.57275390625,-14.00049496534566
12779.9560546875,-9.868880338868363
12785.33935546875,-9.764325696117904
12790.72265625,-9.769622362425224
12796.10595703125,-10.449410834842283
12801.4892578125,-11.336901854051149
12806.87255859375,-8.512978517113801
12812.255859375,-9.812419779104212
12817.63916015625,-8.2454888903801
12823.0224609375,-20.930334794879343
12828.40576171875,-21.063516470666293
12833.7890625,-15.326921371761044
12839.17236328125,-16.590680218467895
12844.5556640625,-17.626428678659355
12849.93896484375,-15.461948739415776
12855.322265625,-14.895882771621388
12860.70556640625,-21.358148877990367
12866.0888671875,-14.012474964109696
12871.47216796875,-22.344750463319265
12876.85546875,-10.018808929639707
12882.23876953125,-11.66554420396977
12887.6220703125,-13.628013658649884
12893.00537109375,-16.527987751949283
12898.388671875,-8.41251612351111
12903.77197265625,-18.97431440026596
12909.1552734375,-9.809085284096286
12914.53857421875,-25.159791757440942
12919.921875,-12.37069333234924
12925.30517578125,-22.558680872378215
12930.6884765625,-10.625813715236044
12936.07177734375,-33.267676127891114
12941.455078125,-13.161890263282082
12946.83837890625,-17.168432067235734
12952.2216796875,-9.934903633840966
12957.60498046875,-12.123852973242283
12962.98828125,-9.19109198846279
12968.37158203125,-10.87433762376274
12973.7548828125,-8.129385643394357
12979.13818359375,-21.18886476416117
12984.521484375,-10.828770067375855
12989.90478515625,-10.031216113714162
12995.2880859375,-7.66976867025687
13000.67138671875,-12.238410366110825
13006.0546875,-9.947554407720752
13011.43798828125,-22.258896905350095
13016.8212890625,-20.97350960965223
13022.20458984375,-12.815764701417747
13027.587890625,-23.558364210389797
13032.97119140625,-10.919287668650032
13038.3544921875,-14.752860617253923
13043.73779296875,-9.912012658685727
13049.12109375,-11.940564622263716
13054.50439453125,-13.90272768823767
13059.8876953125,-13.055766316024384
13065.27099609375,-22.306119254899386
13070.654296875,-15.720939488468515
13076.03759765625,-19.539527363261325
13081.4208984375,-14.949027178186629
13086.80419921875,-18.83168032094249
13092.1875,-15.596156335737977
13097.57080078125,-14.572374732380183
13102.9541015625,-14.082640321583161
13108.33740234375,-8.073433950983222
13113.720703125,-15.504175928083793
13119.10400390625,-16.249645373884846
13124.4873046875,-24.424304160159323
13129.87060546875,-25.35029104534548
13135.25390625,-21.318170867200436
13140.63720703125,-19.102100362051406
13146.0205078125,-17.37517466440846
13151.40380859375,-13.598334832498804
13156.787109375,-23.07229624754273
13162.17041015625,-12.049341801456428
13167.5537109375,-18.497581100787855
13172.93701171875,-19.52118668955358
13178.3203125,-12.321520059603042
13183.70361328125,-12.249274275208029
13189.0869140625,-24.10492604193065
13194.47021484375,-12.713976097782298
13199.853515625,-13.459059127876872
13205.23681640625,-14.512829614750453
13210.6201171875,-16.942062737136872
13216.00341796875,-12.318238761603853
13221.38671875,-15.914917548516518
13226.77001953125,-17.235113501787314
13232.1533203125,-13.529713595625596
13237.53662109375,-11.030948801198843
13242.919921875,-18.38854161099905
13248.30322265625,-9.811995106398697
13253.6865234375,-30.049615406964914
13259.06982421875,-13.237510427288717
13264.453125,-24.633536976400535
13269.83642578125,-14.62749260416592
13275.2197265625,-17.471466933284216
13280.60302734375,-20.02772762547593
13285.986328125,-19.094473631439058
13291.36962890625,-21.853492290076026
13296.7529296875,-12.011733277145114
13302.13623046875,-23.918385617415293
13307.51953125,-9.39976244642089
13312.90283203125,-10.260082110721921
13318.2861328125,-8.445473329719333
13323.66943359375,-8.74041667933729
13329.052734375,-17.59082032357
13334.43603515625,-19.165800940604612
13339.8193359375,-16.147331405418907
13345.20263671875,-16.610502068829398
13350.5859375,-18.08056756774886
13355.96923828125,-14.412191846517015
13361.3525390625,-10.748663234124296
13366.73583984375,-18.343153994423204
13372.119140625,-16.112823765258522
13377.50244140625,-20.999113079868764
13382.8857421875,-14.072035580765297
13388.26904296875,-20.002357724774274
13393.65234375,-14.424831475016862
13399.03564453125,-15.506993017585435
13404.4189453125,-19.06903339658239
13409.80224609375,-20.380519039232222
13415.185546875,-25.203925681063172
13420.56884765625,-17.150154631311903
13425.9521484375,-20.793686539047943
13431.33544921875,-19.865303590429043
13436.71875,-13.549578963059085
13442.10205078125,-20.738419862167277
13447.4853515625,-12.618906340909524
13452.86865234375,-11.996985281459821
13458.251953125,-31.991976610803757
13463.63525390625,-28.533309164892025
13469.0185546875,-12.875140105098168
13474.40185546875,-16.773386923849248
13479.78515625,-17.447895622357645
13485.16845703125,-20.611423063514085
13490.5517578125,-13.367626955141196
13495.93505859375,-21.685956453029696
13501.318359375,-14.483526299537017
13506.70166015625,-18.491612964155383
13512.0849609375,-13.051399880559618
13517.46826171875,-16.13377650974732
13522.8515625,-18.488622220602792
13528.23486328125,-30.25055914779938
13533.6181640625,-16.205101208199334
13539.00146484375,-19.579981337402398
13544.384765625,-13.090582121615014
13549.76806640625,-16.656258962057134
13555.1513671875,-12.465158898928854
13560.53466796875,-10.25639182553556
13565.91796875,-22.357659553937893
13571.30126953125,-10.972939134914375
13576.6845703125,-21.6749989465445
13582.06787109375,-10.498237532353196
13587.451171875,-14.59648554887331
13592.83447265625,-18.888879977989113
13598.2177734375,-20.633013506129142
13603.60107421875,-13.968719167247896
13608.984375,-15.337722873368339
13614.36767578125,-27.488107757185265
13619.7509765625,-15.040178464587692
13625.13427734375,-13.45183983097372
13630.517578125,-27.317121148336604
13635.90087890625,-16.603009160790123
13641.2841796875,-19.873747177858185
13646.66748046875,-9.255951276447195
13652.05078125,-14.865465675350247
13657.43408203125,-17.27476769751068
13662.8173828125,-20.64147041017797
13668.20068359375,-14.979575427566434
13673.583984375,-15.05468411602947
13678.96728515625,-19.906849218150146
13684.3505859375,-17.172638446513645
13689.73388671875,-20.522706900818424
13695.1171875,-16.191855127763574
13700.50048828125,-11.50012800824468
13705.8837890625,-14.385844722339689
13711.26708984375,-27.50581444517579
13716.650390625,-14.41782986710023
13722.03369140625,-19.459632965614805
13727.4169921875,-14.058526457464948
13732.80029296875,-13.57949258078605
13738.18359375,-26.540207068253252
13743.56689453125,-23.903948998692144
13748.9501953125,-12.808384602360508
13754.33349609375,-12.712834249232642
13759.716796875,-20.916542683930675
13765.10009765625,-18.890616306843356
13770.4833984375,-15.340682649663952
13775.86669921875,-17.123348767752866
13781.25,-23.74852689688823
13786.63330078125,-24.848417089413523
13792.0166015625,-13.774083561042318
13797.39990234375,-12.729185148791643
13802.783203125,-27.55223812936476
13808.16650390625,-18.539177236244175
13813.5498046875,-32.49341828839566
13818.93310546875,-19.17719244125126
13824.31640625,-8.063583365493152
13829.69970703125,-8.75003230417769
13835.0830078125,-30.236812322166976
13840.46630859375,-23.307920263435037
13845.849609375,-16.320227722696288
13851.23291015625,-15.450258788962511
13856.6162109375,-19.92245347814549
13861.99951171875,-15.894897203532935
13867.3828125,-16.608311249168565
13872.76611328125,-20.106525896219075
13878.1494140625,-24.91004592838567
13883.53271484375,-35.103698816807864
13888.916015625,-22.22987591325515
13894.29931640625,-27.125659968273904
13899.6826171875,-17.851975242053758
13905.06591796875,-14.742924630984584
13910.44921875,-27.43129672263729
13915.83251953125,-23.59459027718446
13921.2158203125,-19.999355270980928
13926.59912109375,-16.758281489017868
13931.982421875,-19.673347315682705
13937.36572265625,-21.04444477451606
13942.7490234375,-18.42912650744116
13948.13232421875,-18.407097987056407
13953.515625,-13.214974750928391
13958.89892578125,-13.735029894633081
13964.2822265625,-17.31051012803075
13969.66552734375,-16.084269425916368
13975.048828125,-24.861207549804067
13980.43212890625,-23.119907254334137
13985.8154296875,-14.895023667170406
13991.19873046875,-21.532033485610476
13996.58203125,-15.96906734818188
14001.96533203125,-16.060313651030917
14007.3486328125,-11.762096524465953
14012.73193359375,-18.403287930234235
14018.115234375,-22.030586077962532
14023.49853515625,-20.63215302552605
14028.8818359375,-21.560024690466506
14034.26513671875,-16.261959090054
14039.6484375,-16.1974999541045
14045.03173828125,-17.905808683545644
14050.4150390625,-14.316647718898254
14055.79833984375,-21.956663943270257
14061.181640625,-16.57753004804722
14066.56494140625,-13.152708646480178
14071.9482421875,-11.316407799536098
14077.33154296875,-19.48257090738982
14082.71484375,-19.573429319303138
14088.09814453125,-28.028481987837335
14093.4814453125,-20.44815251847179
14098.86474609375,-22.325091207205425
14104.248046875,-15.985875618560293
14109.63134765625,-17.726793587977376
14115.0146484375,-22.045073771094962
14120.39794921875,-24.623189806235565
14125.78125,-29.683806346916832
14131.16455078125,-19.310359517309735
14136.5478515625,-15.528119659751926
14141.93115234375,-19.60516256635791
14147.314453125,-16.052311700778105
14152.69775390625,-27.09526379962756
14158.0810546875,-14.338187854091352
14163.46435546875,-17.73478992723163
14168.84765625,-13.906839695082645
14174.23095703125,-12.957748875268384
14179.6142578125,-49.79399484208555
14184.99755859375,-12.769989642039288
14190.380859375,-12.499837827233456
14195.76416015625,-23.258656724954697
14201.1474609375,-23.929748941144418
14206.53076171875,-22.12335282747911
14211.9140625,-19.309054616637816
14217.29736328125,-21.41083089504804
14222.6806640625,-26.351355074534002
14228.06396484375,-18.682049920007383
14233.447265625,-22.661912279412274
14238.83056640625,-14.019241254659168
14244.2138671875,-15.529844252292639
14249.59716796875,-19.103367389900342
14254.98046875,-18.301814858344404
14260.36376953125,-17.477804776552297
14265.7470703125,-24.50310499561326
14271.13037109375,-18.7495417806933
14276.513671875,-25.981944358898428
14281.89697265625,-16.50893668940763
14287.2802734375,-25.67186494257632
14292.66357421875,-17.857830501323622
14298.046875,-24.47779972519742
14303.43017578125,-19.006927800638877
14308.8134765625,-15.853732121783517
14314.19677734375,-16.04388097256656
14319.580078125,-16.867606193971607
14324.96337890625,-14.636709472687471
14330.3466796875,-18.535111046196924
14335.72998046875,-20.589561244513988
14341.11328125,-15.12676035980065
14346.49658203125,-17.68537301924762
14351.8798828125,-12.642154386843323
14357.26318359375,-12.572341010750973
14362.646484375,-32.10709314349066
14368.02978515625,-15.812317974725552
14373.4130859375,-36.75845381153398
14378.79638671875,-18.268655620876626
14384.1796875,-23.14725641578535
14389.56298828125,-12.531087333190719
14394.9462890625,-18.489612081938695
14400.32958984375,-16.590412462133717
14405.712890625,-13.91607613533905
14411.09619140625,-21.945553787809025
14416.4794921875,-15.252152453947605
14421.86279296875,-25.750697616618755
14427.24609375,-10.31865282557619
14432.62939453125,-12.609652275245812
14438.0126953125,-22.382722897311055
14443.39599609375,-16.12397029489698
14448.779296875,-25.636490915600213
14454.16259765625,-18.969338027054356
14459.5458984375,-11.94218246382409
14464.92919921875,-17.37462487257774
14470.3125,-16.63653266145063
14475.69580078125,-15.845963523327969
14481.0791015625,-21.059598381411327
14486.46240234375,-16.72449564502951
14491.845703125,-20.81569161790879
14497.22900390625,-14.970066781510877
14502.6123046875,-21.266121224593945
14507.99560546875,-15.282166077101934
14513.37890625,-24.29352780375882
14518.76220703125,-17.2350466055019
14524.1455078125,-15.31255735140967
14529.52880859375,-25.441370134001158
14534.912109375,-22.388159945332188
14540.29541015625,-18.069197972047256
14545.6787109375,-20.129777311911422
14551.06201171875,-20.219507637037587
14556.4453125,-14.21222320132794
14561.82861328125,-15.40286684668288
14567.2119140625,-15.148051866527828
14572.59521484375,-17.01496947770875
14577.978515625,-19.489038118880273
14583.36181640625,-25.787194079681054
14588.7451171875,-24.562844855949454
14594.12841796875,-16.965895581657563
14599.51171875,-19.024554617847095
14604.89501953125,-13.730258664809016
14610.2783203125,-16.95124719285579
14615.66162109375,-18.17295046530665
14621.044921875,-15.045583138083558
14626.42822265625,-17.022605629347073
14631.8115234375,-14.710290540140015
14637.19482421875,-20.45009174500995
14642.578125,-15.905981684664267
14647.96142578125,-18.521434378624477
14653.3447265625,-19.11212475298091
14658.72802734375,-26.67351527228749
14664.111328125,-20.51654587260422
14669.49462890625,-14.680453125765728
14674.8779296875,-27.55217195387127
14680.26123046875,-13.432657876646273
14685.64453125,-15.800890752100198
14691.02783203125,-29.532146957751774
14696.4111328125,-25.89126407048858
14701.79443359375,-15.514108878786846
14707.177734375,-17.92515354380957
14712.56103515625,-17.752410060208092
14717.9443359375,-21.053420898093023
14723.32763671875,-20.370113782136933
14728.7109375,-22.76409771107414
14734.09423828125,-19.940603252711004
14739.4775390625,-15.161109299899847
14744.86083984375,-17.288567157211883
14750.244140625,-11.077832948182092
14755.62744140625,-16.29249600428397
14761.0107421875,-15.040158704590457
14766.39404296875,-13.696277599384782
14771.77734375,-23.409044633873435
14777.16064453125,-19.965056519651398
14782.5439453125,-15.77063369770566
14787.92724609375,-12.839288652920512
14793.310546875,-24.735851105569253
14798.69384765625,-17.746836812831496
14804.0771484375,-17.471350186572327
14809.46044921875,-10.97269193166136
14814.84375,-12.998578620547047
14820.22705078125,-12.148304671527843
14825.6103515625,-26.59193193729319
14830.99365234375,-21.532235453264107
14836.376953125,-20.817558666216843
14841.76025390625,-16.241823268040307
14847.1435546875,-18.909362145551544
14852.52685546875,-21.48271925545897
14857.91015625,-21.520128853701998
14863.29345703125,-31.794226525551863
14868.6767578125,-14.161841614683247
14874.06005859375,-22.941778868792902
14879.443359375,-15.120399371574166
14884.82666015625,-13.905716185027565
14890.2099609375,-11.087266611129047
14895.59326171875,-21.077194883659086
14900.9765625,-12.63655272071383
14906.35986328125,-23.66965618990389
14911.7431640625,-13.653186404810253
14917.12646484375,-17.51621280868234
14922.509765625,-9.147546247107305
14927.89306640625,-20.810975276425566
14933.2763671875,-13.121136926394348
14938.65966796875,-24.82049868357334
14944.04296875,-11.36605938434644
14949.42626953125,-17.831228357751023
14954.8095703125,-17.65757512971935
14960.19287109375,-39.40246479187734
14965.576171875,-15.24790761234819
14970.95947265625,-28.323466881851374
14976.3427734375,-14.355038806131661
14981.72607421875,-31.822409341944077
14987.109375,-14.109595251012204
14992.49267578125,-21.667846473021694
14997.8759765625,-23.02655806766811
15003.25927734375,-20.91002469492291
15008.642578125,-19.174178593367937
15014.02587890625,-23.754777155244735
15019.4091796875,-34.13867445171668
15024.79248046875,-12.081257156746688
15030.17578125,-12.093606169478528
15035.55908203125,-13.979016978774252
15040.9423828125,-11.45956501090754
15046.32568359375,-24.107757857915328
15051.708984375,-13.085843410671284
15057.09228515625,-18.388865627474942
15062.4755859375,-17.52754312662383
15067.85888671875,-13.813466788276303
15073.2421875,-10.762707541009135
15078.62548828125,-25.376307372088668
15084.0087890625,-12.844908678844407
15089.39208984375,-19.525981150633708
15094.775390625,-12.223804118553394
15100.15869140625,-17.490133701156573
15105.5419921875,-9.638542463563242
15110.92529296875,-15.042530991318996
15116.30859375,-25.608897374373733
15121.69189453125,-13.724226864319098
15127.0751953125,-13.469326461361621
15132.45849609375,-26.139072678173356
15137.841796875,-17.00961053933203
15143.22509765625,-17.52808820632345
15148.6083984375,-16.838285336738988
15153.99169921875,-8.326607943186158
15159.375,-13.242689082213893
15164.75830078125,-15.497955400639219
15170.1416015625,-22.356807478851888
15175.52490234375,-18.33753324297215
15180.908203125,-25.61903264920298
15186.29150390625,-12.903384891622931
15191.6748046875,-13.875399104348386
15197.05810546875,-16.93931631549503
15202.44140625,-18.70896669907956
15207.82470703125,-16.635756244209208
15213.2080078125,-22.734682804363807
15218.59130859375,-15.434996160700077
15223.974609375,-17.089357724589288
15229.35791015625,-12.644654340595416
15234.7412109375,-22.552794012458524
15240.12451171875,-15.728520992474948
15245.5078125,-19.651944286146236
15250.89111328125,-14.887193598546931
15256.2744140625,-14.416702947687515
15261.65771484375,-16.058692099641785
15267.041015625,-21.24236165923645
15272.42431640625,-16.702164982668563
15277.8076171875,-17.30650723961551
15283.19091796875,-24.727179279710892
15288.57421875,-17.724847866028547
15293.95751953125,-16.072752836391235
15299.3408203125,-23.699329733108897
15304.72412109375,-20.00047568464729
15310.107421875,-25.493932759503018
15315.49072265625,-33.1280837116835
15320.8740234375,-22.333547555347675
15326.25732421875,-31.262788179410073
15331.640625,-13.495688981681038
15337.02392578125,-17.82240780767544
15342.4072265625,-17.987236900391217
15347.79052734375,-18.307676088123884
15353.173828125,-18.63409655845378
15358.55712890625,-15.787345683087988
15363.9404296875,-26.202110300861804
15369.32373046875,-16.2945066613739
15374.70703125,-17.756096208463536
15380.09033203125,-23.10305236919646
15385.4736328125,-23.785354542002672
15390.85693359375,-14.559441271497764
15396.240234375,-20.024427273568087
15401.62353515625,-23.997188871266207
15407.0068359375,-28.056349503624354
15412.39013671875,-18.365419638853922
15417.7734375,-38.99484916121419
15423.15673828125,-11.994753027554758
15428.5400390625,-14.446643707121131
15433.92333984375,-17.6663834665904
15439.306640625,-13.53287736902027
15444.68994140625,-24.423557693649496
15450.0732421875,-14.640188365955066
15455.45654296875,-19.43381708192088
15460.83984375,-14.458743006751389
15466.22314453125,-31.335406786528758
15471.6064453125,-17.2652747322224
15476.98974609375,-23.731135298146935
15482.373046875,-16.551348634222325
15487.75634765625,-24.05314149472336
15493.1396484375,-19.886065953472997
15498.52294921875,-19.76585400082922
15503.90625,-21.511779036535273
15509.28955078125,-14.23908915468681
15514.6728515625,-12.256880493213266
15520.05615234375,-26.78393869777978
15525.439453125,-32.95422449462437
15530.82275390625,-16.748282991234397
15536.2060546875,-12.756225451983578
15541.58935546875,-13.013502315501704
15546.97265625,-17.227784747792803
15552.35595703125,-22.879578148839265
15557.7392578125,-15.389130645064906
15563.12255859375,-11.771178847566073
15568.505859375,-25.500205066929716
15573.88916015625,-14.144261900931452
15579.2724609375,-18.912060289811127
15584.65576171875,-21.986234565162164
15590.0390625,-24.440886636235287
15595.42236328125,-19.12234885392357
15600.8056640625,-20.188736111295334
15606.18896484375,-13.929048381905645
15611.572265625,-30.164423702346276
15616.95556640625,-18.17885225673772
15622.3388671875,-26.658676952751904
15627.72216796875,-31.752430168448097
15633.10546875,-22.035112432111706
15638.48876953125,-16.51294845178986
15643.8720703125,-30.630489573403196
15649.25537109375,-16.253596972682136
15654.638671875,-14.191081815488486
15660.02197265625,-17.84988033214349
15665.4052734375,-20.433360874259286
15670.78857421875,-17.58188724650516
15676.171875,-14.209697902271419
15681.55517578125,-24.346586494879293
15686.9384765625,-16.902527282045984
15692.32177734375,-17.011900966447605
15697.705078125,-24.73760327906081
15703.08837890625,-19.32472749357728
15708.4716796875,-19.55741958806343
15713.85498046875,-15.811743266584946
15719.23828125,-16.881511006567614
15724.62158203125,-20.065140291132224
15730.0048828125,-27.414111140680827
15735.38818359375,-20.63588206365461
15740.771484375,-27.906673158510888
15746.15478515625,-13.337126708559921
15751.5380859375,-21.004956425031544
15756.92138671875,-14.825208954850915
15762.3046875,-15.901353606552298
15767.68798828125,-20.705105867419906
15773.0712890625,-18.670103616485893
15778.45458984375,-16.073901218424762
15783.837890625,-11.862711329871567
15789.22119140625,-25.41558705116612
15794.6044921875,-19.20191073409554
15799.98779296875,-20.82319525263926
15805.37109375,-11.171719527152145
15810.75439453125,-16.875247738263695
15816.1376953125,-20.29308353788757
15821.52099609375,-23.77167372622211
15826.904296875,-18.178840738171978
15832.28759765625,-16.198259840223578
15837.6708984375,-20.947104738829232
15843.05419921875,-12.755952491068959
15848.4375,-23.446674504949172
15853.82080078125,-14.696923381871134
15859.2041015625,-13.084434102980008
15864.58740234375,-15.052964874798276
15869.970703125,-29.250451193156735
15875.35400390625,-21.253583789516913
15880.7373046875,-23.581795461918063
15886.12060546875,-23.332847599076892
15891.50390625,-19.57825018093653
15896.88720703125,-17.86056581472305
15902.2705078125,-18.195444712464578
15907.65380859375,-17.698688935675545
15913.037109375,-22.581304132047304
15918.42041015625,-20.178553890142076
15923.8037109375,-25.27842856548287
15929.18701171875,-24.213475767501613
15934.5703125,-20.906009861118676
15939.95361328125,-22.02170631923257
15945.3369140625,-15.193425348675483
15950.72021484375,-21.390109953270677
15956.103515625,-23.59357794816789
15961.48681640625,-21.13013694148023
15966.8701171875,-13.73186732957369
15972.25341796875,-22.592316577975136
15977.63671875,-16.628765856786863
15983.02001953125,-14.23449658103175
15988.4033203125,-16.385266195020094
15993.78662109375,-14.396950560125196
15999.169921875,-19.15111190897444
16004.55322265625,-15.302612217234834
16009.9365234375,-21.63906194332046
16015.31982421875,-14.005833590760306
16020.703125,-23.51643867844603
16026.08642578125,-11.87519786780658
16031.4697265625,-15.161422684749237
16036.85302734375,-12.336379502220879
16042.236328125,-17.150161918901574
16047.61962890625,-28.677220116494887
16053.0029296875,-17.567231098766293
16058.38623046875,-15.461957879827322
16063.76953125,-21.33663021280547
16069.15283203125,-16.259361977520175
16074.5361328125,-20.399894450800836
16079.91943359375,-15.783019585863858
16085.302734375,-11.06927030413878
16090.68603515625,-18.910350562923863
16096.0693359375,-16.336810189251967
16101.45263671875,-20.15963388183394
16106.8359375,-12.15425860849798
16112.21923828125,-20.423959847984214
16117.6025390625,-21.27404147337018
16122.98583984375,-23.264884723290095
16128.369140625,-22.51315601744406
16133.75244140625,-22.29995573664847
16139.1357421875,-16.803560606354466
16144.51904296875,-22.788238083686995
16149.90234375,-20.586259079784313
16155.28564453125,-17.3469255663144
16160.6689453125,-28.4789109289469
16166.05224609375,-19.872420249512256
16171.435546875,-20.37032919865732
16176.81884765625,-16.058535834314657
16182.2021484375,-17.006799348869038
16187.58544921875,-20.129263847202928
16192.96875,-15.274848440367663
16198.35205078125,-14.774366511714348
16203.7353515625,-12.720076879659707
16209.11865234375,-25.920255007453534
16214.501953125,-18.382513876502752
16219.88525390625,-21.29768300086831
16225.2685546875,-19.920972056906464
16230.65185546875,-15.831228087991393
16236.03515625,-16.505951463691396
16241.41845703125,-18.22163053633113
16246.8017578125,-13.515731294418014
16252.18505859375,-10.311832316907575
16257.568359375,-14.760851803762767
16262.95166015625,-15.735366315381647
16268.3349609375,-18.23407067605449
16273.71826171875,-15.450153076226576
16279.1015625,-18.82767669828359
16284.48486328125,-14.396616999211426
16289.8681640625,-21.30871695062055
16295.25146484375,-11.963949440584456
16300.634765625,-19.395424169232275
16306.01806640625,-18.254582295184633
16311.4013671875,-23.224805857378783
16316.78466796875,-13.96516823875028
16322.16796875,-21.797506361007386
16327.55126953125,-14.939762059411056
16332.9345703125,-26.160243436488727
16338.31787109375,-14.686819538232028
16343.701171875,-17.359988959001576
16349.08447265625,-16.268841949397704
16354.4677734375,-18.897489743451555
16359.85107421875,-17.11138659483983
16365.234375,-18.880113453844274
16370.61767578125,-12.836512964998175
16376.0009765625,-16.435726578932517
16381.38427734375,-18.002876701617993
16386.767578125,-22.035319142103653
16392.15087890625,-14.430578883147511
16397.5341796875,-17.61355720130583
16402.91748046875,-12.864168942970828
16408.30078125,-20.87265379873411
16413.68408203125,-19.92265957537373
16419.0673828125,-27.29959309423272
16424.45068359375,-13.729067052328416
16429.833984375,-26.87033677370769
16435.21728515625,-16.497005224634137
16440.6005859375,-24.00000502628985
16445.98388671875,-20.5144557583775
16451.3671875,-26.429051441102448
16456.75048828125,-16.58887435404963
16462.1337890625,-17.53591941415538
16467.51708984375,-34.89128312432279
16472.900390625,-16.657790855583038
16478.28369140625,-19.042402530921688
16483.6669921875,-23.11767480779894
16489.05029296875,-16.868465514627623
16494.43359375,-11.661287713985157
16499.81689453125,-17.16920321617438
16505.2001953125,-17.67840605725712
16510.58349609375,-11.17537825430196
16515.966796875,-22.46130380892996
16521.35009765625,-10.28810149678332
16526.7333984375,-17.866830313542664
16532.11669921875,-11.794371946181403
16537.5,-16.20383859204618
16542.88330078125,-12.671733838810335
16548.2666015625,-20.667791209552497
16553.64990234375,-11.21142530105256
16559.033203125,-16.179364418163132
16564.41650390625,-18.59840321506679
16569.7998046875,-25.030490955499914
16575.18310546875,-13.52885297398194
16580.56640625,-26.997122952893974
16585.94970703125,-12.862743223269447
16591.3330078125,-19.06598537487921
16596.71630859375,-29.586924988062606
16602.099609375,-18.868258921737567
16607.48291015625,-15.417404638429817
16612.8662109375,-20.003022239585235
16618.24951171875,-9.358478150131798
16623.6328125,-13.751736859692333
16629.01611328125,-16.576290046385953
16634.3994140625,-16.58222331739909
16639.78271484375,-19.72003910766049
16645.166015625,-20.581436512247087
16650.54931640625,-19.984646169752235
16655.9326171875,-27.11153679636295
16661.31591796875,-15.555991076640499
16666.69921875,-40.37186703513166
16672.08251953125,-13.446991750779741
16677.4658203125,-19.52689152542505
16682.84912109375,-18.350247647231505
16688.232421875,-18.793555845531845
16693.61572265625,-13.969117930181103
16698.9990234375,-27.556945630354658
16704.38232421875,-15.366126109630066
16709.765625,-15.742504646299693
16715.14892578125,-14.240921723062387
16720.5322265625,-14.523781060179047
16725.91552734375,-11.06719549928111
16731.298828125,-29.0436659344339
16736.68212890625,-18.888347657811074
16742.0654296875,-16.32638865332596
16747.44873046875,-17.89704288842006
16752.83203125,-13.386541041921507
16758.21533203125,-16.589828865156687
16763.5986328125,-15.250095617780467
16768.98193359375,-19.455407425908902
16774.365234375,-12.459231904085442
16779.74853515625,-15.714044165104665
16785.1318359375,-19.085669449077606
16790.51513671875,-21.32013824858563
16795.8984375,-13.560929341707118
16801.28173828125,-16.428155285796684
16806.6650390625,-19.16181588530337
16812.04833984375,-18.07299221162318
16817.431640625,-24.453512309125887
16822.81494140625,-20.499149705033737
16828.1982421875,-20.15336885777664
16833.58154296875,-15.354051237219535
16838.96484375,-25.904603731778973
16844.34814453125,-14.522155282845553
16849.7314453125,-17.10509070637803
16855.11474609375,-22.254092231126627
16860.498046875,-20.336183418675592
16865.88134765625,-21.697291795901936
16871.2646484375,-16.78862123432808
16876.64794921875,-16.584347548490435
16882.03125,-25.55335713073266
16887.41455078125,-25.432215462846933
16892.7978515625,-17.591404099738504
16898.18115234375,-19.75735457751196
16903.564453125,-19.1177771751355
16908.94775390625,-23.078274299465505
16914.3310546875,-20.419827201348177
16919.71435546875,-21.192773968847494
16925.09765625,-14.97625744877384
16930.48095703125,-18.17389266546876
16935.8642578125,-17.453297445472263
16941.24755859375,-16.839085818967817
16946.630859375,-24.160069237100068
16952.01416015625,-23.197073437293167
16957.3974609375,-15.66154395807039
16962.78076171875,-20.662115165425522
16968.1640625,-18.478281549486898
16973.54736328125,-20.721679551481795
16978.9306640625,-23.108275944463234
16984.31396484375,-34.042059227096864
16989.697265625,-17.593463598731056
16995.08056640625,-21.380196022415376
17000.4638671875,-15.800924676403714
17005.84716796875,-20.619958191795824
17011.23046875,-27.91324652422796
17016.61376953125,-23.774260641790484
17021.9970703125,-23.041850740212716
17027.38037109375,-18.88125487369764
17032.763671875,-14.556577347908481
17038.14697265625,-25.943217784188537
17043.5302734375,-16.774155739726673
17048.91357421875,-23.444893190409417
17054.296875,-24.841197684357965
17059.68017578125,-18.11164175500805
17065.0634765625,-14.97886972724702
17070.44677734375,-18.373012572347182
17075.830078125,-28.8531101057208
17081.21337890625,-21.077515890258212
17086.5966796875,-18.959108659067926
17091.97998046875,-21.872237822139397
17097.36328125,-18.051676336794145
17102.74658203125,-15.760333022717653
17108.1298828125,-17.140467892431058
17113.51318359375,-18.546991124019577
17118.896484375,-13.71469383511913
17124.27978515625,-17.68586659060436
17129.6630859375,-13.046306636932293
17135.04638671875,-30.19956279318134
17140.4296875,-16.48403662113305
17145.81298828125,-25.997073599460304
17151.1962890625,-28.35489293796334
17156.57958984375,-18.751013455567854
17161.962890625,-15.060818850619897
17167.34619140625,-24.01365703205326
17172.7294921875,-34.75732675923711
17178.11279296875,-30.021483408062064
17183.49609375,-21.715346807955733
17188.87939453125,-24.298737102439596
17194.2626953125,-13.839933456099061
17199.64599609375,-14.854994696420947
17205.029296875,-14.377509647545425
17210.41259765625,-12.358203408692496
17215.7958984375,-25.145651796807
17221.17919921875,-27.102121307496784
17226.5625,-16.19982898678036
17231.94580078125,-20.294194128880815
17237.3291015625,-17.598710624045925
17242.71240234375,-16.75799347742562
17248.095703125,-32.80595440982731
17253.47900390625,-20.97153088230592
17258.8623046875,-19.43868495094794
17264.24560546875,-26.316238930640175
17269.62890625,-14.934041070322362
17275.01220703125,-20.534527581431973
17280.3955078125,-16.03754358339713
17285.77880859375,-15.5554453646164
17291.162109375,-21.393276365657435
17296.54541015625,-14.887034430243858
17301.9287109375,-15.638125409825472
17307.31201171875,-25.21023402499164
17312.6953125,-19.02146355403326
17318.07861328125,-22.73907115670346
17323.4619140625,-19.737249084540572
17328.84521484375,-41.428668102822066
17334.228515625,-15.486609986910036
17339.61181640625,-15.887212540772587
17344.9951171875,-22.267674450131103
17350.37841796875,-18.05536601153661
17355.76171875,-42.110592982793904
17361.14501953125,-28.424989656218646
17366.5283203125,-18.753526036624685
17371.91162109375,-16.207576628733896
17377.294921875,-21.42730967881223
17382.67822265625,-17.44202247382116
17388.0615234375,-23.674771292571645
17393.44482421875,-18.621830513611744
17398.828125,-14.21964648087563
17404.21142578125,-18.295267975677596
17409.5947265625,-32.02002958834707
17414.97802734375,-21.970775072452923
17420.361328125,-19.16694206085131
17425.74462890625,-13.55251826166397
17431.1279296875,-17.96445426242085
17436.51123046875,-15.155890796823764
17441.89453125,-12.148955948801067
17447.27783203125,-14.939873994794468
17452.6611328125,-19.623319186266933
17458.04443359375,-18.405807986613734
17463.427734375,-17.306809498174164
17468.81103515625,-21.80226186426613
17474.1943359375,-20.41043756204545
17479.57763671875,-17.331445011909402
17484.9609375,-20.891498851956033
17490.34423828125,-13.784223078322192
17495.7275390625,-13.4895879395547
17501.11083984375,-10.83602230186898
17506.494140625,-13.229484909954689
17511.87744140625,-18.399799161138834
17517.2607421875,-14.08881666448515
17522.64404296875,-30.41109478427865
17528.02734375,-16.106904773708937
17533.41064453125,-30.406450650777188
17538.7939453125,-20.564459980683903
17544.17724609375,-44.40690411693634
17549.560546875,-16.914274572178346
17554.94384765625,-16.93745959913046
17560.3271484375,-17.201378947117938
17565.71044921875,-23.25041599576508
17571.09375,-23.374668080572143
17576.47705078125,-22.33173407172744
17581.8603515625,-19.811872864002147
17587.24365234375,-14.12037009128601
17592.626953125,-12.124098630731003
17598.01025390625,-20.586895638155216
17603.3935546875,-21.38436788057803
17608.77685546875,-19.729483378173363
17614.16015625,-20.86091627775071
17619.54345703125,-15.697636440064187
17624.9267578125,-26.577146911509317
17630.31005859375,-17.235629408712665
17635.693359375,-19.508296657972046
17641.07666015625,-28.5443457190026
17646.4599609375,-20.06400915926386
17651.84326171875,-15.944213850088191
17657.2265625,-11.987954437720889
17662.60986328125,-12.72327087711734
17667.9931640625,-17.46452307986194
17673.37646484375,-18.060939990749972
17678.759765625,-31.59662520286215
17684.14306640625,-21.24214384754872
17689.5263671875,-23.200506444048656
17694.90966796875,-14.761408842982366
17700.29296875,-15.820346763394355
17705.67626953125,-19.67906256087731
17711.0595703125,-12.708885005729682
17716.44287109375,-18.974045630579024
17721.826171875,-21.055310029664042
17727.20947265625,-17.19321523172575
17732.5927734375,-18.846134147445206
17737.97607421875,-24.458851258424964
17743.359375,-15.437516711401678
17748.74267578125,-15.34744909947201
17754.1259765625,-20.918611386523306
17759.50927734375,-15.631902891110984
17764.892578125,-20.573603061152955
17770.27587890625,-11.71757493396167
17775.6591796875,-19.953441324786695
17781.04248046875,-19.919357449521023
17786.42578125,-27.532811255138135
17791.80908203125,-11.94312739284381
17797.1923828125,-14.353266167806547
17802.57568359375,-19.98851823865252
17807.958984375,-25.89324543351143
17813.34228515625,-15.581125270615848
17818.7255859375,-12.082893682047773
17824.10888671875,-13.47965625291142
17829.4921875,-22.347670169199702
17834.87548828125,-15.465827603840097
17840.2587890625,-15.090281212986941
17845.64208984375,-21.069196394446237
17851.025390625,-26.86514246200428
17856.40869140625,-18.529169745587627
17861.7919921875,-23.14181235452102
17867.17529296875,-18.565979714737274
17872.55859375,-17.725953361397824
17877.94189453125,-20.651533011852315
17883.3251953125,-25.6715948941483
17888.70849609375,-17.905297936434376
17894.091796875,-25.976050459376218
17899.47509765625,-15.161287844047655
17904.8583984375,-18.841798765672472
17910.24169921875,-27.19717785202093
17915.625,-21.435664822329965
17921.00830078125,-18.35079437315251
17926.3916015625,-13.077194894603359
17931.77490234375,-19.035596610617457
17937.158203125,-14.352124732898563
17942.54150390625,-12.731450008664451
17947.9248046875,-22.247285968486764
17953.30810546875,-20.51869334972607
17958.69140625,-27.112233857041524
17964.07470703125,-19.19560676443043
17969.4580078125,-26.415503154069086
17974.84130859375,-17.50884669629395
17980.224609375,-14.346154944702983
17985.60791015625,-20.210880588263343
17990.9912109375,-16.27919494215185
17996.37451171875,-24.923848272265317
18001.7578125,-14.04037519323182
18007.14111328125,-21.131332584196365
18012.5244140625,-19.24054808425905
18017.90771484375,-19.845375185871628
18023.291015625,-13.523468756226338
18028.67431640625,-31.267652788689585
18034.0576171875,-16.117539903680246
18039.44091796875,-26.487756705605396
18044.82421875,-19.90944442098908
18050.20751953125,-18.151446829686403
18055.5908203125,-15.195001958523344
18060.97412109375,-22.201177573220274
18066.357421875,-16.448465258729495
18071.74072265625,-21.40274069662567
18077.1240234375,-16.534436965660817
18082.50732421875,-34.26619140370889
18087.890625,-29.069545029175366
18093.27392578125,-24.441253749364
18098.6572265625,-26.074010226859595
18104.04052734375,-27.09404825083443
18109.423828125,-19.5376185516341
18114.80712890625,-16.032325348080374
18120.1904296875,-17.919655599202596
18125.57373046875,-18.84566366981575
18130.95703125,-29.72048069637942
18136.34033203125,-16.302177807143064
18141.7236328125,-13.241007666041657
18147.10693359375,-16.275838730622468
18152.490234375,-23.601693237882717
18157.87353515625,-17.094149042265595
18163.2568359375,-19.20428986240204
18168.64013671875,-21.881833928447513
18174.0234375,-21.94471982711096
18179.40673828125,-24.900343688875907
18184.7900390625,-18.786109757972206
18190.17333984375,-17.60775575913144
18195.556640625,-25.11627996977227
18200.93994140625,-17.959738749242142
18206.3232421875,-29.113950250194645
18211.70654296875,-16.69875181394026
18217.08984375,-28.132004010855244
18222.47314453125,-13.739456269587297
18227.8564453125,-17.61096410549246
18233.23974609375,-17.19589169425545
18238.623046875,-17.222367993062754
18244.00634765625,-26.653038479752045
18249.3896484375,-23.10808636494686
18254.77294921875,-20.058232363533854
18260.15625,-26.252162509858454
18265.53955078125,-18.802037486795854
18270.9228515625,-20.205840720280666
18276.30615234375,-15.956350896245514
18281.689453125,-23.957535594167354
18287.07275390625,-19.30013162612599
18292.4560546875,-17.238293398424066
18297.83935546875,-15.856656030925183
18303.22265625,-18.843770162463755
18308.60595703125,-15.47359926451902
18313.9892578125,-19.963070517304576
18319.37255859375,-15.271110842665248
18324.755859375,-20.654378493376647
18330.13916015625,-23.89702114659704
18335.5224609375,-29.53244749028255
18340.90576171875,-22.29766546031653
18346.2890625,-16.565703372472687
18351.67236328125,-38.93296729414723
18357.0556640625,-17.939731588029176
18362.43896484375,-20.267187525955272
18367.822265625,-13.632245900531473
18373.20556640625,-14.665951386429754
18378.5888671875,-20.29745769830175
18383.97216796875,-12.056360799161652
18389.35546875,-18.564647986019352
18394.73876953125,-15.49157543484468
18400.1220703125,-17.77065882331415
18405.50537109375,-16.24342650414866
18410.888671875,-15.294584412353592
18416.27197265625,-16.20471523247565
18421.6552734375,-20.80986757360622
18427.03857421875,-19.73087656351071
18432.421875,-20.241808676465673
18437.80517578125,-22.019107312506492
18443.1884765625,-21.875054844618216
18448.57177734375,-18.177795861723695
18453.955078125,-22.534221197665445
18459.33837890625,-20.08518854624516
18464.7216796875,-20.082380935970722
18470.10498046875,-14.639777194341505
18475.48828125,-11.13967101196578
18480.87158203125,-26.484943355985585
18486.2548828125,-21.111071011267466
18491.63818359375,-23.92062595475953
18497.021484375,-18.83027494897837
18502.40478515625,-16.84880753667362
18507.7880859375,-20.520114715864253
18513.17138671875,-13.448319026037872
18518.5546875,-15.228445342517364
18523.93798828125,-19.55175722530945
18529.3212890625,-23.058606032818957
18534.70458984375,-16.59043725129142
18540.087890625,-26.058785075456015
18545.47119140625,-14.640343074708904
18550.8544921875,-15.228053575619366
18556.23779296875,-17.915131486753502
18561.62109375,-33.9272100661644
18567.00439453125,-18.84492214387778
18572.3876953125,-14.775626821980005
18577.77099609375,-15.543704079692963
18583.154296875,-24.61324051389555
18588.53759765625,-22.414537886420476
18593.9208984375,-21.277017770270604
18599.30419921875,-46.099822318892905
18604.6875,-16.943590620620583
18610.07080078125,-17.456347344091647
18615.4541015625,-16.27600637722539
18620.83740234375,-21.58950759307787
18626.220703125,-23.261937541502103
18631.60400390625,-19.071924319127355
18636.9873046875,-22.12188617054984
18642.37060546875,-18.76834358043579
18647.75390625,-23.379666068789405
18653.13720703125,-21.090269631364357
18658.5205078125,-22.159663994173044
18663.90380859375,-26.89329653619902
18669.287109375,-22.336940833576257
18674.67041015625,-17.716309897370653
18680.0537109375,-23.653786240407197
18685.43701171875,-23.68799077159228
18690.8203125,-18.65021459382812
18696.20361328125,-18.82918826771413
18701.5869140625,-14.480175554897997
18706.97021484375,-16.041385941301286
18712.353515625,-28.570588114235136
18717.73681640625,-19.311034225290456
18723.1201171875,-34.48934850617947
18728.50341796875,-27.34828565039741
18733.88671875,-19.662928374692015
18739.27001953125,-17.835025662855678
18744.6533203125,-26.54517881428991
18750.03662109375,-13.221553965310038
18755.419921875,-14.255764615153003
18760.80322265625,-23.014226144302157
18766.1865234375,-22.141916607801054
18771.56982421875,-25.322122215067267
18776.953125,-18.972028898810915
18782.33642578125,-15.026255684627806
18787.7197265625,-22.015154815040173
18793.10302734375,-21.54074276130336
18798.486328125,-18.12364304771428
18803.86962890625,-26.835104893645738
18809.2529296875,-17.73536713600312
18814.63623046875,-16.238326971284707
18820.01953125,-30.80733131720296
18825.40283203125,-17.84735245103743
18830.7861328125,-15.530914663450677
18836.16943359375,-26.197680868136807
18841.552734375,-14.522451617843341
18846.93603515625,-13.093214297978182
18852.3193359375,-17.19676830988583
18857.70263671875,-16.213052171017626
18863.0859375,-22.63900829597616
18868.46923828125,-13.759964332764753
18873.8525390625,-22.21580273803347
18879.23583984375,-16.366227707175415
18884.619140625,-22.163095502983893
18890.00244140625,-21.408402516435107
18895.3857421875,-20.151592484572376
18900.76904296875,-17.449997041452004
18906.15234375,-21.761844942420552
18911.53564453125,-19.94829832016768
18916.9189453125,-22.27288807822502
18922.30224609375,-19.70658050378416
18927.685546875,-12.714421372438418
18933.06884765625,-23.33502328673116
18938.4521484375,-17.414687770860002
18943.83544921875,-29.39222949735472
18949.21875,-13.547449045553675
18954.60205078125,-22.192945895905805
18959.9853515625,-17.86321288244364
18965.36865234375,-30.023001321716443
18970.751953125,-20.900131768549862
18976.13525390625,-14.24181945048689
18981.5185546875,-11.47069855828442
18986.90185546875,-14.112889988530302
18992.28515625,-14.59027142183216
18997.66845703125,-26.493233195090614
19003.0517578125,-20.644701665246355
19008.43505859375,-25.025628688161625
19013.818359375,-33.572104378387
19019.20166015625,-23.33940107160454
19024.5849609375,-16.713137740337444
19029.96826171875,-15.947612651188436
19035.3515625,-15.507746368491237
19040.73486328125,-18.164837158748274
19046.1181640625,-39.82401216211449
19051.50146484375,-38.13458811053858
19056.884765625,-21.534476129953582
19062.26806640625,-16.294277123059345
19067.6513671875,-16.08415292300398
19073.03466796875,-27.605204477244666
19078.41796875,-12.945367078713275
19083.80126953125,-17.073536742573964
19089.1845703125,-21.09981578267743
19094.56787109375,-19.35203890679284
19099.951171875,-25.048236220320476
19105.33447265625,-21.34161028221321
19110.7177734375,-15.529588853943908
19116.10107421875,-13.23965288866907
19121.484375,-13.432240249022907
19126.86767578125,-18.447409446327722
19132.2509765625,-23.49774280181436
19137.63427734375,-23.97146994652963
19143.017578125,-16.19505030965766
19148.40087890625,-17.7288007133978
19153.7841796875,-23.159513210480384
19159.16748046875,-16.074570125849338
19164.55078125,-15.426371027286908
19169.93408203125,-18.800695872959622
19175.3173828125,-12.427984055877202
19180.70068359375,-17.912357938410032
19186.083984375,-16.538781780650204
19191.46728515625,-17.695539271397077
19196.8505859375,-18.725766394617104
19202.23388671875,-32.16982606818381
19207.6171875,-14.606249638936827
19213.00048828125,-13.732786819045526
19218.3837890625,-25.970987349805107
19223.76708984375,-16.525858453834765
19229.150390625,-28.59884166484492
19234.53369140625,-31.36884694263918
19239.9169921875,-18.71339082527852
19245.30029296875,-16.497787195066866
19250.68359375,-29.299336913787926
19256.06689453125,-30.924162799828864
19261.4501953125,-23.071428478300426
19266.83349609375,-40.93104806723542
19272.216796875,-21.69687165675567
19277.60009765625,-16.11089150510329
19282.9833984375,-15.101241389171108
19288.36669921875,-18.22538419856316
19293.75,-17.531504871354826
19299.13330078125,-17.273446704882723
19304.5166015625,-13.565383848181767
19309.89990234375,-32.40282159227176
19315.283203125,-17.988555863606663
19320.66650390625,-20.402097503784702
19326.0498046875,-16.447255063055323
19331.43310546875,-34.36252105647203
19336.81640625,-16.034271146867056
19342.19970703125,-18.93719908187054
19347.5830078125,-17.569175310656355
19352.96630859375,-23.729889949637375
19358.349609375,-12.470721504923157
19363.73291015625,-11.645895685107291
19369.1162109375,-17.558015891143146
19374.49951171875,-17.396069854628088
19379.8828125,-13.652647458093746
19385.26611328125,-14.474785437899474
19390.6494140625,-19.179988808977445
19396.03271484375,-17.629999309457496
19401.416015625,-18.033571055382776
19406.79931640625,-14.984429870418847
19412.1826171875,-15.876135999061585
19417.56591796875,-12.621102542522308
19422.94921875,-21.759870902733887
19428.33251953125,-16.17331534420159
19433.7158203125,-18.550281579875076
19439.09912109375,-22.1908468975198
19444.482421875,-14.693619775166004
19449.86572265625,-19.61018827783817
19455.2490234375,-24.725974801727876
19460.63232421875,-20.546482658627973
19466.015625,-20.10953782548576
19471.39892578125,-15.1643078613667
19476.7822265625,-16.654841338149524
19482.16552734375,-30.431918595517576
19487.548828125,-17.89761713816833
19492.93212890625,-20.399678732702217
19498.3154296875,-19.289875707565564
19503.69873046875,-22.968917284358547
19509.08203125,-14.895480755587634
19514.46533203125,-17.299639529643304
19519.8486328125,-19.419069976920227
19525.23193359375,-16.605504491076196
19530.615234375,-11.968766278514698
19535.99853515625,-23.715210734611496
19541.3818359375,-18.437743540752226
19546.76513671875,-25.50521019364
19552.1484375,-15.012216870208226
19557.53173828125,-18.965348295392772
19562.9150390625,-20.32247283706555
19568.29833984375,-20.50270080500127
19573.681640625,-17.168340534920446
19579.06494140625,-28.20273174311639
19584.4482421875,-16.998057379011392
19589.83154296875,-24.766971132001217
19595.21484375,-24.176542603802687
19600.59814453125,-18.38629177973249
19605.9814453125,-12.059396053285457
19611.36474609375,-15.614228420862588
19616.748046875,-21.774926296918625
19622.13134765625,-17.08884252001251
19627.5146484375,-22.4607681009978
19632.89794921875,-19.27631842981448
19638.28125,-14.030836946294464
19643.66455078125,-21.78771586993085
19649.0478515625,-16.82357768138005
19654.43115234375,-19.2763429546918
19659.814453125,-13.70200427103103
19665.19775390625,-10.712602590437326
19670.5810546875,-16.019714093972823
19675.96435546875,-26.95925976029536
19681.34765625,-16.52826457852829
19686.73095703125,-19.16061909217929
19692.1142578125,-17.5536935774838
19697.49755859375,-15.184002186007223
19702.880859375,-19.168998501579175
19708.26416015625,-17.774053139328952
19713.6474609375,-14.057189525939027
19719.03076171875,-17.863041377846805
19724.4140625,-20.5363994579007
19729.79736328125,-19.996213619712087
19735.1806640625,-30.144309280211736
19740.56396484375,-18.347491095785188
19745.947265625,-21.0756434183345
19751.33056640625,-29.01784148200667
19756.7138671875,-22.104165142688757
19762.09716796875,-26.70229761104961
19767.48046875,-18.172183051060863
19772.86376953125,-13.236113362767167
19778.2470703125,-24.207173529865447
19783.63037109375,-20.01764862725761
19789.013671875,-26.309192237234193
19794.39697265625,-15.010171073785957
19799.7802734375,-20.26270315539672
19805.16357421875,-18.844952615387896
19810.546875,-22.042655946905043
19815.93017578125,-16.829735172879186
19821.3134765625,-21.812208787436816
19826.69677734375,-17.016928135661942
19832.080078125,-25.3295957770916
19837.46337890625,-17.66372794674169
19842.8466796875,-22.183321294177965
19848.22998046875,-21.17702662796258
19853.61328125,-14.279830941368317
19858.99658203125,-19.962520431516765
19864.3798828125,-18.10818319860167
19869.76318359375,-27.333210230424804
19875.146484375,-26.52708247970518
19880.52978515625,-21.90123556085366
19885.9130859375,-18.878522618262327
19891.29638671875,-18.67333990913326
19896.6796875,-15.082864237589384
19902.06298828125,-19.46177642204743
19907.4462890625,-11.263079028404189
19912.82958984375,-20.897343018883685
19918.212890625,-18.286836322288643
19923.59619140625,-26.952698726488165
19928.9794921875,-18.067719749508147
19934.36279296875,-19.68589985728438
19939.74609375,-27.023477973239274
19945.12939453125,-19.79384161440978
19950.5126953125,-26.985182469994697
19955.89599609375,-17.29353948093952
19961.279296875,-17.489645590788985
19966.66259765625,-29.61056676377173
19972.0458984375,-20.67645557922152
19977.42919921875,-38.61231864762711
19982.8125,-17.351169161654383
19988.19580078125,-13.928095405990106
19993.5791015625,-14.074913509619805
19998.96240234375,-26.784650792827613
20004.345703125,-12.529129295744738
20009.72900390625,-15.0120877586543
20015.1123046875,-14.947121225133863
20020.49560546875,-31.467373158477155
20025.87890625,-13.906358739696639
20031.26220703125,-18.490684271130085
20036.6455078125,-20.945283638826147
20042.02880859375,-22.854785218142425
20047.412109375,-19.220878637649477
20052.79541015625,-19.567254269072535
20058.1787109375,-32.35149404182557
20063.56201171875,-15.90695987292097
20068.9453125,-20.199831963797628
20074.32861328125,-14.5131972733728
20079.7119140625,-14.584120424736184
20085.09521484375,-22.622533826120236
20090.478515625,-16.24817335173929
20095.86181640625,-22.927167929114685
20101.2451171875,-15.439795064142052
20106.62841796875,-22.33803379700114
20112.01171875,-15.954560470889723
20117.39501953125,-20.43056948915956
20122.7783203125,-18.379181821863682
20128.16162109375,-16.904416896953588
20133.544921875,-13.811064194859517
20138.92822265625,-17.309745211543753
20144.3115234375,-20.19157088256595
20149.69482421875,-19.506555047864655
20155.078125,-20.89726455267897
20160.46142578125,-21.73148866626589
20165.8447265625,-17.101808213057545
20171.22802734375,-20.974027833954008
20176.611328125,-12.331722886094633
20181.99462890625,-15.516366630236886
20187.3779296875,-20.324238264707258
20192.76123046875,-14.801428852642678
20198.14453125,-21.810313562126492
20203.52783203125,-27.47956582753869
20208.9111328125,-17.867617231533462
20214.29443359375,-10.776288553122734
20219.677734375,-13.950834333632379
20225.06103515625,-20.407690773136075
20230.4443359375,-15.303342043100445
20235.82763671875,-21.838849493429024
20241.2109375,-18.473202693245234
20246.59423828125,-26.996265163846612
20251.9775390625,-37.815850039738216
20257.36083984375,-13.4507189854849
20262.744140625,-11.043601875427079
20268.12744140625,-15.127103906561379
20273.5107421875,-30.32609179956687
20278.89404296875,-30.490579747727217
20284.27734375,-22.417552538668502
20289.66064453125,-21.581550659773534
20295.0439453125,-20.835719120151847
20300.42724609375,-16.328205680370353
20305.810546875,-22.729791644281498
20311.19384765625,-18.104946305608593
20316.5771484375,-22.003663388643805
20321.96044921875,-19.211288790447398
20327.34375,-12.547227359285966
20332.72705078125,-19.28279018506926
20338.1103515625,-17.42690874480286
20343.49365234375,-20.213066901406975
20348.876953125,-28.013444395927998
20354.26025390625,-19.673371803495215
20359.6435546875,-15.982447118179534
20365.02685546875,-40.85455722772203
20370.41015625,-17.882791196290526
20375.79345703125,-23.45936394276698
20381.1767578125,-17.092354967557085
20386.56005859375,-17.28886506964355
20391.943359375,-20.115599554507032
20397.32666015625,-20.461889987630006
20402.7099609375,-21.341569970084397
20408.09326171875,-19.860753999459526
20413.4765625,-28.844724607219575
20418.85986328125,-21.898110839983357
20424.2431640625,-18.82272400553812
20429.62646484375,-16.44918405441918
20435.009765625,-18.795352894893025
20440.39306640625,-15.816929548517775
20445.7763671875,-15.87974710824264
20451.15966796875,-16.929705506044474
20456.54296875,-20.363298852009283
20461.92626953125,-18.511108458844724
20467.3095703125,-19.83454184417728
20472.69287109375,-14.688331595582614
20478.076171875,-20.026219672851468
20483.45947265625,-18.50104115213256
20488.8427734375,-27.74877934123981
20494.22607421875,-18.77693798873934
20499.609375,-23.88506839432303
20504.99267578125,-14.00930658756925
20510.3759765625,-21.38867160827125
20515.75927734375,-16.919357876089613
20521.142578125,-16.933094074349874
20526.52587890625,-22.14095461100248
20531.9091796875,-24.157408980167716
20537.29248046875,-16.09750653594907
20542.67578125,-26.104266142253742
20548.05908203125,-11.83989331579787
20553.4423828125,-15.501653994491686
20558.82568359375,-26.557782961942365
20564.208984375,-19.5288343646843
20569.59228515625,-20.45893924344266
20574.9755859375,-21.428202912020694
20580.35888671875,-19.393168170609403
20585.7421875,-19.670907159646013
20591.12548828125,-24.599926221633048
20596.5087890625,-16.48723257941419
20601.89208984375,-21.9762394151438
20607.275390625,-15.821892088604894
20612.65869140625,-21.141820148638082
20618.0419921875,-15.823320970617061
20623.42529296875,-15.703046590456257
20628.80859375,-16.003369043178033
20634.19189453125,-19.25727968679811
20639.5751953125,-34.34098150383615
20644.95849609375,-14.236588990483643
20650.341796875,-16.92517515721834
20655.72509765625,-20.125321349740695
20661.1083984375,-31.32245227016505
20666.49169921875,-14.624560305494384
20671.875,-18.422999254142994
20677.25830078125,-14.059362302029621
20682.6416015625,-21.38656294019161
20688.02490234375,-18.258578168656214
20693.408203125,-19.117921416246467
20698.79150390625,-15.488305011515429
20704.1748046875,-20.03154666306907
20709.55810546875,-12.394837231174169
20714.94140625,-18.521271120819748
20720.32470703125,-15.574901617239883
20725.7080078125,-25.65824503199199
20731.09130859375,-18.489155765100406
20736.474609375,-17.020827973335344
20741.85791015625,-12.986937338215599
20747.2412109375,-34.218999685386514
20752.62451171875,-18.916741831029753
20758.0078125,-19.556612203143565
20763.39111328125,-16.57841917895078
20768.7744140625,-13.50529953537964
20774.15771484375,-18.564637778989173
20779.541015625,-17.044125971282018
20784.92431640625,-20.80821414807207
20790.3076171875,-22.156438730327967
20795.69091796875,-25.956331348279594
20801.07421875,-21.495448547803193
20806.45751953125,-23.431180100632773
20811.8408203125,-20.511178324334665
20817.22412109375,-26.76233655747849
20822.607421875,-23.4059353902906
20827.99072265625,-18.973247784847295
20833.3740234375,-18.707799212760026
20838.75732421875,-19.081040888267303
20844.140625,-20.080459355726532
20849.52392578125,-21.370442494878358
20854.9072265625,-12.782600352105531
20860.29052734375,-16.72708690594177
20865.673828125,-19.934425799040618
20871.05712890625,-20.572637583028474
20876.4404296875,-17.39427965786595
20881.82373046875,-15.782740734321019
20887.20703125,-14.395573872830848
20892.59033203125,-12.102133337890159
20897.9736328125,-19.04625590002087
20903.35693359375,-15.734140952295334
20908.740234375,-20.30910977256355
20914.12353515625,-18.307091384182538
20919.5068359375,-15.568337346210528
20924.89013671875,-18.750119592083077
20930.2734375,-11.19952810412044
20935.65673828125,-22.89549732463564
20941.0400390625,-16.05078363988892
20946.42333984375,-15.193311096124326
20951.806640625,-14.56575957304008
20957.18994140625,-24.95664778141132
20962.5732421875,-15.998266621221589
20967.95654296875,-15.031027367937735
20973.33984375,-18.80663238535615
20978.72314453125,-20.417572004708138
20984.1064453125,-19.943133609807102
20989.48974609375,-20.349922058086925
20994.873046875,-16.99915933464027
21000.25634765625,-21.144373728870363
21005.6396484375,-24.569907934172047
21011.02294921875,-15.598721308048454
21016.40625,-18.709051807802894
21021.78955078125,-23.289768360377444
21027.1728515625,-21.244523246771934
21032.55615234375,-47.08207530436689
21037.939453125,-16.74031808977154
21043.32275390625,-20.94885835512315
21048.7060546875,-16.234500340890598
21054.08935546875,-17.522234301595084
21059.47265625,-17.86713053012627
21064.85595703125,-16.043703145140924
21070.2392578125,-20.303725849627526
21075.62255859375,-15.25415838667919
21081.005859375,-29.028519553833707
21086.38916015625,-26.09140039735027
21091.7724609375,-20.32062205194789
21097.15576171875,-24.548172453119882
21102.5390625,-16.257532054555316
21107.92236328125,-12.785522762405716
21113.3056640625,-16.511021922177452
21118.68896484375,-17.02456159913764
21124.072265625,-17.748337515593654
21129.45556640625,-25.916123597278187
21134.8388671875,-28.31859968912745
21140.22216796875,-22.765261103050367
21145.60546875,-22.528946705339095
21150.98876953125,-27.489557776991973
21156.3720703125,-20.372582346508878
21161.75537109375,-16.003064052403428
21167.138671875,-24.831405271469457
21172.52197265625,-23.053311576772842
21177.9052734375,-34.554564717855435
21183.28857421875,-16.909107815303702
21188.671875,-19.12493084107974
21194.05517578125,-26.985738364221948
21199.4384765625,-29.682610659741112
21204.82177734375,-18.821879092577298
21210.205078125,-19.877590688917778
21215.58837890625,-18.023377535053207
21220.9716796875,-20.319271706208948
21226.35498046875,-24.230970538962573
21231.73828125,-26.209690775734966
21237.12158203125,-25.678999030580854
21242.5048828125,-20.85539699131052
21247.88818359375,-15.016098857776681
21253.271484375,-24.12880571501883
21258.65478515625,-26.19596865779095
21264.0380859375,-17.44886267827925
21269.42138671875,-15.859937509543762
21274.8046875,-39.34958120908638
21280.18798828125,-23.48887485776045
21285.5712890625,-24.527499421776234
21290.95458984375,-24.91736415496987
21296.337890625,-21.47256977017208
21301.72119140625,-18.14404160660221
21307.1044921875,-21.426447861228223
21312.48779296875,-15.684176474367701
21317.87109375,-15.811827618781669
21323.25439453125,-24.493608495203052
21328.6376953125,-24.74726071840881
21334.02099609375,-24.786013312854507
21339.404296875,-19.740296796546893
21344.78759765625,-20.53124507363327
21350.1708984375,-31.205239996551953
21355.55419921875,-21.351919516233203
21360.9375,-22.519821257831648
21366.32080078125,-12.917074222942164
21371.7041015625,-13.837726497212707
21377.08740234375,-19.395955011133086
21382.470703125,-19.17204087986958
21387.85400390625,-18.908997804203963
21393.2373046875,-20.996180371606087
21398.62060546875,-20.966589174676834
21404.00390625,-21.803038826760186
21409.38720703125,-22.303444441364487
21414.7705078125,-19.245705216091423
21420.15380859375,-19.714138332997898
21425.537109375,-15.281403002024643
21430.92041015625,-27.724776335373896
21436.3037109375,-16.021091330866586
21441.68701171875,-16.04995863343687
21447.0703125,-19.589399406996634
21452.45361328125,-25.574576634778502
21457.8369140625,-26.066532686267934
21463.22021484375,-22.421994471058
21468.603515625,-31.502588751992864
21473.98681640625,-14.529073051141195
21479.3701171875,-14.899053225576498
21484.75341796875,-37.89798755589569
21490.13671875,-29.417949189743503
21495.52001953125,-22.35792191449216
21500.9033203125,-32.435548260592185
21506.28662109375,-18.105910778334678
21511.669921875,-21.761099284575906
21517.05322265625,-19.53244498080469
21522.4365234375,-24.043346955949303
21527.81982421875,-15.448878615597643
21533.203125,-33.18234956940105
21538.58642578125,-14.928320454262941
21543.9697265625,-27.41181949605395
21549.35302734375,-20.49643676181839
21554.736328125,-22.315444712670903
21560.11962890625,-15.903805864533672
21565.5029296875,-20.127699490759365
21570.88623046875,-12.744369839744746
21576.26953125,-18.41484029360479
21581.65283203125,-17.42292784756382
21587.0361328125,-17.815113120653475
21592.41943359375,-26.627414067067825
21597.802734375,-24.313346836362673
21603.18603515625,-22.828933234855583
21608.5693359375,-17.74935187771692
21613.95263671875,-22.010651947355914
21619.3359375,-11.532029827870936
21624.71923828125,-13.430920695634299
21630.1025390625,-30.017373174266154
21635.48583984375,-39.865315479800714
21640.869140625,-18.904452527292023
21646.25244140625,-23.76318228987929
21651.6357421875,-20.116042375376036
21657.01904296875,-22.530763448203142
21662.40234375,-21.73487142989015
21667.78564453125,-21.440311640427975
21673.1689453125,-19.232109371114024
21678.55224609375,-18.93291128248666
21683.935546875,-23.19671077810363
21689.31884765625,-23.3471208515579
21694.7021484375,-17.049877063129003
21700.08544921875,-13.874244024531237
21705.46875,-25.04028600744414
21710.85205078125,-21.127274910934013
21716.2353515625,-21.820794509380338
21721.61865234375,-21.738361430985165
21727.001953125,-14.62144544648418
21732.38525390625,-14.88223176921137
21737.7685546875,-21.527582943938267
21743.15185546875,-21.19844114415602
21748.53515625,-17.260643433684212
21753.91845703125,-14.37734021596256
21759.3017578125,-17.712972320202173
21764.68505859375,-22.70892574751072
21770.068359375,-22.87826476506924
21775.45166015625,-16.126294870721473
21780.8349609375,-15.414087702342883
21786.21826171875,-19.007263749480035
21791.6015625,-11.939918526918218
21796.98486328125,-18.191537905926904
21802.3681640625,-24.49724207454441
21807.75146484375,-32.78536219711388
21813.134765625,-20.678045533094263
21818.51806640625,-16.76858498385974
21823.9013671875,-19.090214279052347
21829.28466796875,-15.846324460749674
21834.66796875,-18.141436716421428
21840.05126953125,-22.451525798302686
21845.4345703125,-25.89666838526716
21850.81787109375,-20.0324334420022
21856.201171875,-12.348117012834944
21861.58447265625,-15.892397014611642
21866.9677734375,-19.711727405303236
21872.35107421875,-17.616611307551267
21877.734375,-23.746757855330088
21883.11767578125,-16.101713306845767
21888.5009765625,-14.907675090961847
21893.88427734375,-25.401750895567798
21899.267578125,-16.36758814624875
21904.65087890625,-21.512860888668726
21910.0341796875,-19.768111715459252
21915.41748046875,-20.314744914367107
21920.80078125,-24.7511863630495
21926.18408203125,-16.039972055744446
21931.5673828125,-20.301240577319426
21936.95068359375,-19.199931993371646
21942.333984375,-26.280982160352295
21947.71728515625,-32.19019395749095
21953.1005859375,-20.370433153566502
21958.48388671875,-14.356365076530631
21963.8671875,-14.312429833949524
21969.25048828125,-18.214609287358165
21974.6337890625,-14.693977957154969
21980.01708984375,-19.037083825239808
21985.400390625,-19.966228184112428
21990.78369140625,-24.70381220705756
21996.1669921875,-12.17093169799462
22001.55029296875,-14.066821781130391
22006.93359375,-21.744928422974837
22012.31689453125,-17.745771702962518
22017.7001953125,-15.164569725090153
22023.08349609375,-21.239793920842413
22028.466796875,-17.24852064525294
22033.85009765625,-27.679388157091196
22039.2333984375,-23.216548692167382
22044.61669921875,-22.459982391064294
22050,-15.119014311613041
